order_id,order_date,customer_id,product,category,region,city,quantity,revenue,discount
ORD10000,2024-01-18,CUS0738,Yoga Mat,Accessories,South,Bengaluru,4,28680.0,0.0
ORD10001,2024-01-29,CUS0731,Desk Lamp,Home,West,Pune,4,9971.2,0.2
ORD10002,2024-01-30,CUS0616,Stainless Bottle,Home,West,Mumbai,1,6934.0,0.0
ORD10003,2024-01-05,CUS0113,Wireless Earbuds,Electronics,West,Mumbai,1,2315.15,0.05
ORD10004,2024-01-20,CUS0240,Notebook Set,Accessories,West,Mumbai,5,35520.0,0.0
ORD10005,2024-01-16,CUS0543,Denim Jacket,Apparel,South,Vijayawada,4,20044.0,0.0
ORD10006,2024-01-31,CUS0800,Notebook Set,Accessories,South,Bengaluru,4,29156.0,0.0
ORD10007,2024-01-19,CUS0652,Notebook Set,Accessories,West,Mumbai,2,1714.0,0.0
ORD10008,2024-01-01,CUS0337,Silk Saree,Apparel,East,Kolkata,4,26022.4,0.05
ORD10009,2024-01-07,CUS0189,Yoga Mat,Accessories,South,Visakhapatnam,1,2043.2,0.2
ORD10010,2024-01-05,CUS0769,Coffee Beans,Grocery,South,Vijayawada,2,6548.0,0.0
ORD10011,2024-01-07,CUS0221,Office Chair,Home,South,Vijayawada,4,2284.8,0.2
ORD10012,2024-01-03,CUS0274,Smartwatch,Electronics,East,Kolkata,5,38593.75,0.05
ORD10013,2024-01-25,CUS0772,Notebook Set,Accessories,East,Kolkata,5,26490.75,0.05
ORD10014,2024-01-16,CUS0450,Office Chair,Home,South,Visakhapatnam,7,58408.0,0.0
ORD10015,2024-01-21,CUS0212,Silk Saree,Apparel,West,Pune,6,29880.0,0.0
ORD10016,2024-01-31,CUS0005,Denim Jacket,Apparel,South,Bengaluru,3,4179.45,0.15
ORD10017,2024-01-21,CUS0344,Yoga Mat,Accessories,South,Chennai,6,17670.0,0.05
ORD10018,2024-01-15,GST1001,Desk Lamp,Home,West,Pune,1,3935.0,0.0
ORD10019,2024-01-09,CUS0347,Denim Jacket,Apparel,East,Kolkata,7,9765.0,0.1
ORD10020,2024-01-24,CUS0560,Leather Wallet,Accessories,North,Delhi,3,23823.0,0.0
ORD10021,2024-01-16,CUS0203,Silk Saree,Apparel,South,Chennai,6,44047.8,0.1
ORD10022,2024-01-24,CUS0621,Denim Jacket,Apparel,South,Bengaluru,7,34594.0,0.0
ORD10023,2024-01-01,CUS0621,Desk Lamp,Home,South,Bengaluru,5,21726.0,0.15
ORD10024,2024-01-06,CUS0487,Cotton Kurta,Apparel,South,Bengaluru,7,42581.0,0.0
ORD10025,2024-01-05,CUS0618,Smartwatch,Electronics,South,Visakhapatnam,1,5884.0,0.0
ORD10026,2024-01-22,CUS0464,Notebook Set,Accessories,South,Bengaluru,2,1634.0,0.05
ORD10027,2024-01-17,CUS0303,Coffee Beans,Grocery,South,Hyderabad,5,23400.0,0.0
ORD10028,2024-01-10,CUS0591,Notebook Set,Accessories,North,Delhi,4,22722.2,0.15
ORD10029,2024-01-10,CUS0669,Wireless Earbuds,Electronics,East,Kolkata,1,6576.85,0.05
ORD10030,2024-01-19,GST1003,Cotton Kurta,Apparel,South,Chennai,6,31242.0,0.0
ORD10031,2024-01-30,CUS0171,Leather Wallet,Accessories,South,Hyderabad,1,7655.0,0.0
ORD10032,2024-01-31,CUS0542,Smartwatch,Electronics,South,Hyderabad,7,30505.65,0.15
ORD10033,2024-01-15,CUS0004,Yoga Mat,Accessories,South,Bengaluru,2,6591.1,0.05
ORD10034,2024-01-21,CUS0458,Silk Saree,Apparel,West,Mumbai,4,13453.8,0.15
ORD10035,2024-01-03,CUS0457,Yoga Mat,Accessories,South,Vijayawada,6,35838.0,0.0
ORD10036,2024-01-30,CUS0291,Stainless Bottle,Home,North,Delhi,4,25751.6,0.15
ORD10037,2024-01-01,CUS0796,Coffee Beans,Grocery,South,Visakhapatnam,6,12671.1,0.05
ORD10038,2024-01-11,CUS0707,Silk Saree,Apparel,South,Hyderabad,5,13019.75,0.05
ORD10039,2024-01-23,CUS0031,Smartwatch,Electronics,South,Chennai,7,39634.0,0.0
ORD10040,2024-01-31,CUS0168,Coffee Beans,Grocery,South,Vijayawada,4,26292.0,0.0
ORD10041,2024-01-06,CUS0167,Smartwatch,Electronics,South,Visakhapatnam,7,20176.8,0.2
ORD10042,2024-01-21,CUS0719,Stainless Bottle,Home,South,Visakhapatnam,4,17891.2,0.2
ORD10043,2024-01-06,CUS0416,Silk Saree,Apparel,West,Pune,7,2835.0,0.0
ORD10044,2024-01-02,CUS0584,Yoga Mat,Accessories,South,Hyderabad,6,13907.7,0.15
ORD10045,2024-01-14,CUS0648,Wireless Earbuds,Electronics,South,Chennai,1,8137.0,0.0
ORD10046,2024-01-18,CUS0615,Office Chair,Home,West,Pune,5,25240.0,0.0
ORD10047,2024-01-09,CUS0072,Notebook Set,Accessories,South,Vijayawada,7,51989.0,0.0
ORD10048,2024-01-31,CUS0113,Stainless Bottle,Home,West,Mumbai,1,2123.0,0.0
ORD10049,2024-01-20,GST1004,Desk Lamp,Home,West,Pune,6,16320.0,0.0
ORD10050,2024-01-14,CUS0271,Denim Jacket,Apparel,South,Visakhapatnam,1,8295.0,0.0
ORD10051,2024-01-16,CUS0598,Smartwatch,Electronics,North,Delhi,7,59367.0,0.0
ORD10052,2024-01-15,CUS0125,Notebook Set,Accessories,North,Delhi,6,40478.4,0.1
ORD10053,2024-01-04,CUS0298,Denim Jacket,Apparel,South,Bengaluru,2,5281.2,0.1
ORD10054,2024-01-19,CUS0190,Stainless Bottle,Home,South,Visakhapatnam,6,39221.7,0.05
ORD10055,2024-01-25,CUS0152,Desk Lamp,Home,South,Visakhapatnam,1,4089.0,0.0
ORD10056,2024-01-14,CUS0139,Wireless Earbuds,Electronics,South,Bengaluru,4,26020.8,0.1
ORD10057,2024-01-14,CUS0157,Yoga Mat,Accessories,South,Vijayawada,7,51009.0,0.0
ORD10058,2024-01-29,CUS0452,Smartwatch,Electronics,East,Kolkata,2,7009.2,0.1
ORD10059,2024-01-19,CUS0329,Wireless Earbuds,Electronics,South,Vijayawada,2,5380.8,0.05
ORD10060,2024-01-10,CUS0349,Office Chair,Home,South,Vijayawada,3,24885.0,0.0
ORD10061,2024-01-01,CUS0384,Leather Wallet,Accessories,South,Visakhapatnam,3,12063.0,0.0
ORD10062,2024-01-26,CUS0593,Notebook Set,Accessories,South,Visakhapatnam,1,3481.2,0.1
ORD10063,2024-01-20,CUS0690,Stainless Bottle,Home,North,Delhi,4,19631.6,0.15
ORD10064,2024-01-20,GST1006,Stainless Bottle,Home,South,Chennai,2,15167.7,0.05
ORD10065,2024-01-09,CUS0514,Leather Wallet,Accessories,North,Delhi,1,1130.4,0.2
ORD10066,2024-01-06,CUS0591,Wireless Earbuds,Electronics,North,Delhi,2,14234.1,0.15
ORD10067,2024-01-16,CUS0553,Wireless Earbuds,Electronics,North,Delhi,1,3792.0,0.0
ORD10068,2024-01-24,CUS0108,Desk Lamp,Home,West,Mumbai,7,3515.4,0.1
ORD10069,2024-01-10,CUS0787,Stainless Bottle,Home,South,Hyderabad,7,20097.0,0.0
ORD10070,2024-01-17,CUS0132,Stainless Bottle,Home,South,Chennai,3,11739.15,0.05
ORD10071,2024-01-31,CUS0330,Silk Saree,Apparel,South,Chennai,7,41055.0,0.0
ORD10072,2024-01-07,CUS0523,Leather Wallet,Accessories,South,Vijayawada,4,15888.0,0.2
ORD10073,2024-01-08,GST1007,Smartwatch,Electronics,East,Kolkata,7,9185.4,0.1
ORD10074,2024-01-08,CUS0195,Notebook Set,Accessories,East,Kolkata,2,8658.0,0.0
ORD10075,2024-01-29,CUS0739,Yoga Mat,Accessories,West,Pune,2,4492.0,0.0
ORD10076,2024-01-17,CUS0058,Coffee Beans,Grocery,South,Vijayawada,6,15276.0,0.0
ORD10077,2024-01-29,CUS0197,Stainless Bottle,Home,South,Bengaluru,2,11064.6,0.1
ORD10078,2024-01-30,CUS0795,Office Chair,Home,South,Bengaluru,6,35169.6,0.15
ORD10079,2024-01-14,CUS0584,Denim Jacket,Apparel,South,Hyderabad,3,4869.0,0.0
ORD10080,2024-01-02,CUS0070,Smartwatch,Electronics,South,Chennai,3,14988.15,0.05
ORD10081,2024-01-10,CUS0604,Notebook Set,Accessories,South,Vijayawada,4,14398.2,0.05
ORD10082,2024-01-17,CUS0776,Smartwatch,Electronics,East,Kolkata,6,18558.0,0.0
ORD10083,2024-01-12,CUS0079,Cotton Kurta,Apparel,West,Mumbai,1,5851.05,0.05
ORD10084,2024-01-01,CUS0332,Denim Jacket,Apparel,South,Bengaluru,6,14262.0,0.0
ORD10085,2024-01-31,CUS0375,Stainless Bottle,Home,North,Delhi,6,39528.0,0.0
ORD10086,2024-01-10,CUS0105,Stainless Bottle,Home,North,Delhi,6,21696.0,0.0
ORD10087,2024-01-20,CUS0161,Coffee Beans,Grocery,East,Kolkata,7,6681.85,0.15
ORD10088,2024-01-30,CUS0140,Coffee Beans,Grocery,South,Bengaluru,6,40836.0,0.0
ORD10089,2024-01-17,CUS0149,Office Chair,Home,North,Delhi,4,29172.0,0.0
ORD10090,2024-01-22,CUS0323,Office Chair,Home,West,Mumbai,4,17780.4,0.1
ORD10091,2024-01-02,GST1009,Leather Wallet,Accessories,South,Chennai,3,15937.5,0.15
ORD10092,2024-01-22,CUS0191,Cotton Kurta,Apparel,West,Pune,6,8846.4,0.05
ORD10093,2024-01-27,CUS0232,Stainless Bottle,Home,North,Delhi,3,9345.0,0.0
ORD10094,2024-01-29,CUS0154,Desk Lamp,Home,South,Visakhapatnam,5,15204.75,0.05
ORD10095,2024-01-03,CUS0637,Leather Wallet,Accessories,South,Visakhapatnam,1,6574.0,0.0
ORD10096,2024-01-08,CUS0170,Leather Wallet,Accessories,South,Hyderabad,3,9174.15,0.05
ORD10097,2024-01-02,CUS0727,Stainless Bottle,Home,West,Pune,2,12570.0,0.0
ORD10098,2024-01-29,CUS0432,Stainless Bottle,Home,West,Pune,4,11400.0,0.0
ORD10099,2024-01-09,CUS0643,Yoga Mat,Accessories,North,Delhi,4,20988.0,0.0
ORD10100,2024-01-17,CUS0510,Office Chair,Home,South,Visakhapatnam,6,11118.6,0.1
ORD10101,2024-01-15,CUS0213,Denim Jacket,Apparel,North,Delhi,4,19604.0,0.0
ORD10102,2024-01-22,GST1010,Wireless Earbuds,Electronics,North,Delhi,2,2016.0,0.0
ORD10103,2024-01-28,CUS0220,Yoga Mat,Accessories,East,Kolkata,4,24080.6,0.05
ORD10104,2024-01-11,CUS0095,Stainless Bottle,Home,East,Kolkata,1,528.3,0.1
ORD10105,2024-01-25,CUS0204,Denim Jacket,Apparel,West,Pune,6,50958.0,0.0
ORD10106,2024-01-10,CUS0221,Notebook Set,Accessories,South,Vijayawada,6,40965.9,0.05
ORD10107,2024-01-07,CUS0109,Coffee Beans,Grocery,South,Chennai,2,9623.5,0.05
ORD10108,2024-01-04,CUS0019,Stainless Bottle,Home,North,Delhi,2,15526.0,0.0
ORD10109,2024-01-12,CUS0756,Denim Jacket,Apparel,South,Bengaluru,1,5552.8,0.2
ORD10110,2024-01-18,GST1011,Coffee Beans,Grocery,West,Mumbai,3,3858.15,0.15
ORD10111,2024-01-25,CUS0322,Denim Jacket,Apparel,South,Hyderabad,1,6415.0,0.0
ORD10112,2024-01-27,CUS0744,Desk Lamp,Home,South,Visakhapatnam,7,23975.0,0.0
ORD10113,2024-01-17,GST1011,Notebook Set,Accessories,North,Delhi,1,7324.0,0.0
ORD10114,2024-01-13,GST1011,Office Chair,Home,North,Delhi,5,36950.0,0.0
ORD10115,2024-01-06,CUS0678,Denim Jacket,Apparel,South,Hyderabad,4,30890.2,0.05
ORD10116,2024-01-29,CUS0506,Cotton Kurta,Apparel,South,Chennai,2,6842.5,0.15
ORD10117,2024-01-13,CUS0320,Smartwatch,Electronics,West,Pune,6,9807.3,0.15
ORD10118,2024-01-24,CUS0205,Yoga Mat,Accessories,South,Chennai,1,1369.0,0.0
ORD10119,2024-01-20,CUS0029,Yoga Mat,Accessories,South,Chennai,7,11886.0,0.0
ORD10120,2024-01-29,CUS0069,Denim Jacket,Apparel,South,Hyderabad,6,50598.0,0.0
ORD10121,2024-01-31,CUS0130,Silk Saree,Apparel,West,Mumbai,5,24358.0,0.05
ORD10122,2024-01-22,GST1012,Yoga Mat,Accessories,South,Visakhapatnam,7,22519.0,0.0
ORD10123,2024-01-21,CUS0512,Silk Saree,Apparel,West,Pune,3,10228.05,0.15
ORD10124,2024-01-05,CUS0347,Cotton Kurta,Apparel,East,Kolkata,2,2988.6,0.15
ORD10125,2024-01-01,CUS0627,Desk Lamp,Home,South,Bengaluru,2,10002.0,0.0
ORD10126,2024-01-17,CUS0129,Office Chair,Home,West,Mumbai,7,25396.35,0.05
ORD10127,2024-01-22,CUS0169,Denim Jacket,Apparel,South,Bengaluru,3,19533.9,0.05
ORD10128,2024-01-24,CUS0315,Denim Jacket,Apparel,South,Visakhapatnam,6,2818.8,0.1
ORD10129,2024-01-08,CUS0734,Denim Jacket,Apparel,West,Pune,3,22637.55,0.05
ORD10130,2024-01-16,CUS0492,Smartwatch,Electronics,North,Delhi,7,5908.0,0.0
ORD10131,2024-01-27,CUS0681,Cotton Kurta,Apparel,West,Pune,7,24944.15,0.05
ORD10132,2024-01-03,CUS0199,Cotton Kurta,Apparel,South,Bengaluru,3,9378.0,0.0
ORD10133,2024-01-12,CUS0679,Smartwatch,Electronics,South,Chennai,4,23563.8,0.05
ORD10134,2024-01-30,CUS0058,Cotton Kurta,Apparel,South,Vijayawada,6,34284.0,0.0
ORD10135,2024-01-07,CUS0183,Wireless Earbuds,Electronics,South,Chennai,2,3710.7,0.05
ORD10136,2024-01-10,CUS0419,Office Chair,Home,South,Visakhapatnam,1,3914.1,0.1
ORD10137,2024-01-15,CUS0041,Cotton Kurta,Apparel,South,Vijayawada,3,14118.0,0.0
ORD10138,2024-01-22,CUS0687,Stainless Bottle,Home,South,Bengaluru,5,20650.0,0.0
ORD10139,2024-01-08,GST1013,Stainless Bottle,Home,South,Visakhapatnam,1,474.3,0.1
ORD10140,2024-01-25,CUS0434,Office Chair,Home,South,Vijayawada,3,5403.0,0.0
ORD10141,2024-01-08,CUS0245,Stainless Bottle,Home,West,Mumbai,7,29625.75,0.05
ORD10142,2024-01-12,CUS0080,Leather Wallet,Accessories,West,Pune,1,2348.4,0.05
ORD10143,2024-01-18,CUS0496,Cotton Kurta,Apparel,South,Bengaluru,1,4794.0,0.0
ORD10144,2024-01-01,CUS0431,Denim Jacket,Apparel,South,Hyderabad,3,4544.1,0.1
ORD10145,2024-01-24,CUS0608,Wireless Earbuds,Electronics,South,Chennai,1,6025.85,0.05
ORD10146,2024-01-21,CUS0483,Yoga Mat,Accessories,South,Visakhapatnam,1,1790.75,0.05
ORD10147,2024-01-26,GST1014,Notebook Set,Accessories,South,Visakhapatnam,2,11286.0,0.0
ORD10148,2024-01-09,CUS0098,Coffee Beans,Grocery,West,Pune,1,7168.0,0.0
ORD10149,2024-01-13,CUS0625,Office Chair,Home,West,Mumbai,6,19620.0,0.0
ORD10150,2024-01-28,CUS0128,Smartwatch,Electronics,West,Pune,1,1263.1,0.15
ORD10151,2024-01-03,CUS0751,Smartwatch,Electronics,East,Kolkata,4,1346.4,0.15
ORD10152,2024-01-16,CUS0085,Cotton Kurta,Apparel,West,Mumbai,5,14796.0,0.1
ORD10153,2024-01-16,CUS0583,Desk Lamp,Home,South,Hyderabad,5,6455.0,0.0
ORD10154,2024-01-14,CUS0781,Office Chair,Home,North,Delhi,5,35800.75,0.05
ORD10155,2024-01-14,CUS0353,Denim Jacket,Apparel,South,Visakhapatnam,3,22356.0,0.1
ORD10156,2024-01-24,CUS0046,Leather Wallet,Accessories,East,Kolkata,7,55474.3,0.05
ORD10157,2024-01-07,CUS0702,Leather Wallet,Accessories,West,Mumbai,1,7867.0,0.0
ORD10158,2024-01-28,CUS0150,Wireless Earbuds,Electronics,South,Hyderabad,1,4361.35,0.15
ORD10159,2024-01-28,CUS0422,Notebook Set,Accessories,West,Pune,6,17994.0,0.0
ORD10160,2024-01-06,CUS0788,Silk Saree,Apparel,West,Pune,1,3989.0,0.0
ORD10161,2024-01-31,CUS0596,Notebook Set,Accessories,North,Delhi,2,4180.3,0.15
ORD10162,2024-01-09,CUS0038,Leather Wallet,Accessories,North,Delhi,2,13674.3,0.05
ORD10163,2024-01-02,CUS0657,Denim Jacket,Apparel,West,Pune,1,3906.0,0.0
ORD10164,2024-01-13,CUS0129,Stainless Bottle,Home,West,Mumbai,1,3313.6,0.05
ORD10165,2024-01-25,CUS0600,Wireless Earbuds,Electronics,West,Mumbai,5,23892.0,0.2
ORD10166,2024-01-27,CUS0497,Leather Wallet,Accessories,South,Vijayawada,5,16980.0,0.0
ORD10167,2024-01-21,CUS0231,Silk Saree,Apparel,South,Chennai,1,2932.2,0.1
ORD10168,2024-01-26,CUS0339,Denim Jacket,Apparel,South,Vijayawada,7,15414.0,0.0
ORD10169,2024-01-09,GST1016,Wireless Earbuds,Electronics,South,Chennai,1,898.0,0.0
ORD10170,2024-01-28,CUS0790,Denim Jacket,Apparel,South,Hyderabad,5,3295.0,0.0
ORD10171,2024-01-20,CUS0191,Wireless Earbuds,Electronics,West,Pune,6,20702.4,0.05
ORD10172,2024-01-05,GST1017,Stainless Bottle,Home,South,Chennai,4,33844.0,0.0
ORD10173,2024-01-04,CUS0403,Stainless Bottle,Home,South,Visakhapatnam,4,9892.0,0.0
ORD10174,2024-01-09,CUS0538,Office Chair,Home,South,Vijayawada,1,5295.3,0.05
ORD10175,2024-01-03,CUS0405,Denim Jacket,Apparel,South,Chennai,2,5696.2,0.05
ORD10176,2024-01-09,CUS0405,Denim Jacket,Apparel,South,Chennai,6,15211.8,0.1
ORD10177,2024-01-31,CUS0467,Coffee Beans,Grocery,South,Vijayawada,3,4530.6,0.1
ORD10178,2024-01-08,CUS0687,Wireless Earbuds,Electronics,South,Bengaluru,1,4941.0,0.0
ORD10179,2024-01-20,GST1017,Silk Saree,Apparel,South,Hyderabad,6,34314.0,0.0
ORD10180,2024-01-31,CUS0666,Desk Lamp,Home,West,Pune,5,15219.0,0.05
ORD10181,2024-01-08,CUS0630,Cotton Kurta,Apparel,South,Bengaluru,1,4409.9,0.05
ORD10182,2024-01-22,CUS0769,Smartwatch,Electronics,South,Vijayawada,1,4230.0,0.0
ORD10183,2024-01-14,CUS0731,Notebook Set,Accessories,West,Pune,1,2557.0,0.0
ORD10184,2024-01-09,CUS0639,Wireless Earbuds,Electronics,North,Delhi,1,5987.0,0.0
ORD10185,2024-01-30,CUS0198,Yoga Mat,Accessories,South,Vijayawada,5,24315.0,0.0
ORD10186,2024-01-21,GST1018,Desk Lamp,Home,East,Kolkata,1,708.8,0.2
ORD10187,2024-01-14,CUS0590,Smartwatch,Electronics,North,Delhi,5,20733.75,0.05
ORD10188,2024-01-26,CUS0232,Stainless Bottle,Home,North,Delhi,2,7046.0,0.0
ORD10189,2024-01-28,CUS0543,Stainless Bottle,Home,South,Vijayawada,7,45466.05,0.05
ORD10190,2024-01-25,CUS0203,Wireless Earbuds,Electronics,South,Chennai,6,16233.6,0.05
ORD10191,2024-01-27,CUS0419,Denim Jacket,Apparel,South,Visakhapatnam,3,24423.0,0.0
ORD10192,2024-01-10,CUS0638,Coffee Beans,Grocery,South,Visakhapatnam,4,21448.0,0.0
ORD10193,2024-01-11,CUS0151,Denim Jacket,Apparel,North,Delhi,1,1272.6,0.1
ORD10194,2024-01-08,CUS0270,Coffee Beans,Grocery,West,Mumbai,1,3637.0,0.0
ORD10195,2024-01-22,CUS0637,Desk Lamp,Home,South,Visakhapatnam,4,28701.4,0.05
ORD10196,2024-01-25,CUS0364,Coffee Beans,Grocery,East,Kolkata,1,2302.8,0.05
ORD10197,2024-01-21,CUS0769,Smartwatch,Electronics,South,Vijayawada,5,27423.0,0.1
ORD10198,2024-01-19,CUS0007,Office Chair,Home,South,Hyderabad,3,16161.6,0.2
ORD10199,2024-01-24,CUS0578,Stainless Bottle,Home,South,Chennai,1,5394.6,0.1
ORD10200,2024-01-06,CUS0652,Smartwatch,Electronics,West,Mumbai,4,4126.8,0.05
ORD10201,2024-01-12,CUS0735,Denim Jacket,Apparel,South,Vijayawada,4,13600.0,0.0
ORD10202,2024-01-22,CUS0126,Office Chair,Home,West,Mumbai,6,18165.9,0.05
ORD10203,2024-01-02,CUS0788,Stainless Bottle,Home,West,Pune,2,5673.6,0.1
ORD10204,2024-01-29,CUS0314,Wireless Earbuds,Electronics,South,Visakhapatnam,4,25544.2,0.15
ORD10205,2024-01-06,CUS0282,Leather Wallet,Accessories,South,Chennai,6,2133.0,0.1
ORD10206,2024-01-25,CUS0285,Stainless Bottle,Home,South,Bengaluru,2,9484.0,0.0
ORD10207,2024-01-20,GST1020,Silk Saree,Apparel,North,Delhi,6,45111.6,0.1
ORD10208,2024-01-27,CUS0528,Coffee Beans,Grocery,South,Vijayawada,6,38173.5,0.15
ORD10209,2024-01-25,CUS0380,Cotton Kurta,Apparel,South,Visakhapatnam,4,20113.4,0.05
ORD10210,2024-01-16,CUS0057,Stainless Bottle,Home,South,Chennai,7,56411.95,0.05
ORD10211,2024-01-24,CUS0790,Desk Lamp,Home,South,Hyderabad,7,24126.2,0.05
ORD10212,2024-01-11,CUS0178,Stainless Bottle,Home,South,Vijayawada,2,10130.8,0.05
ORD10213,2024-01-19,CUS0076,Leather Wallet,Accessories,South,Chennai,7,33467.0,0.0
ORD10214,2024-01-29,CUS0478,Yoga Mat,Accessories,South,Hyderabad,1,735.0,0.0
ORD10215,2024-01-03,CUS0330,Stainless Bottle,Home,South,Chennai,1,612.0,0.1
ORD10216,2024-01-12,CUS0493,Notebook Set,Accessories,West,Pune,1,6510.15,0.15
ORD10217,2024-01-01,CUS0701,Yoga Mat,Accessories,South,Chennai,3,4500.75,0.15
ORD10218,2024-01-17,GST1021,Leather Wallet,Accessories,West,Mumbai,7,22687.0,0.0
ORD10219,2024-01-25,CUS0228,Smartwatch,Electronics,West,Mumbai,5,27150.0,0.0
ORD10220,2024-01-02,CUS0414,Denim Jacket,Apparel,South,Vijayawada,5,25200.0,0.0
ORD10221,2024-01-18,GST1022,Denim Jacket,Apparel,South,Visakhapatnam,1,4086.9,0.1
ORD10222,2024-01-13,CUS0481,Stainless Bottle,Home,South,Visakhapatnam,4,31654.0,0.05
ORD10223,2024-01-25,CUS0307,Office Chair,Home,South,Visakhapatnam,3,16233.6,0.2
ORD10224,2024-01-07,GST1022,Cotton Kurta,Apparel,North,Delhi,4,32100.0,0.0
ORD10225,2024-01-06,CUS0784,Denim Jacket,Apparel,South,Vijayawada,2,10864.2,0.05
ORD10226,2024-01-03,CUS0385,Coffee Beans,Grocery,South,Hyderabad,2,14992.2,0.1
ORD10227,2024-01-13,CUS0707,Yoga Mat,Accessories,South,Hyderabad,7,36757.0,0.0
ORD10228,2024-01-16,CUS0624,Leather Wallet,Accessories,South,Bengaluru,4,15248.0,0.2
ORD10229,2024-01-29,CUS0242,Denim Jacket,Apparel,West,Mumbai,3,19932.9,0.05
ORD10230,2024-01-15,CUS0200,Cotton Kurta,Apparel,East,Kolkata,1,7430.0,0.0
ORD10231,2024-01-06,CUS0617,Wireless Earbuds,Electronics,South,Visakhapatnam,6,5436.0,0.0
ORD10232,2024-01-22,CUS0166,Notebook Set,Accessories,North,Delhi,4,26421.4,0.15
ORD10233,2024-01-02,CUS0270,Office Chair,Home,West,Mumbai,3,17043.0,0.05
ORD10234,2024-01-11,CUS0189,Leather Wallet,Accessories,South,Visakhapatnam,5,34492.5,0.1
ORD10235,2024-01-21,CUS0486,Desk Lamp,Home,South,Visakhapatnam,1,5563.8,0.1
ORD10236,2024-01-08,CUS0236,Desk Lamp,Home,West,Pune,4,31616.0,0.0
ORD10237,2024-01-19,CUS0527,Stainless Bottle,Home,East,Kolkata,7,16329.6,0.1
ORD10238,2024-01-15,CUS0748,Coffee Beans,Grocery,South,Visakhapatnam,4,6388.6,0.15
ORD10239,2024-01-30,GST1023,Desk Lamp,Home,South,Visakhapatnam,1,1944.0,0.0
ORD10240,2024-01-09,CUS0759,Stainless Bottle,Home,South,Vijayawada,2,4329.0,0.1
ORD10241,2024-01-29,CUS0020,Coffee Beans,Grocery,South,Chennai,1,2092.0,0.0
ORD10242,2024-01-20,CUS0365,Smartwatch,Electronics,South,Vijayawada,4,15796.0,0.0
ORD10243,2024-01-24,CUS0177,Notebook Set,Accessories,West,Pune,3,5892.0,0.0
ORD10244,2024-01-06,CUS0735,Office Chair,Home,South,Vijayawada,1,1393.15,0.15
ORD10245,2024-01-01,CUS0570,Notebook Set,Accessories,West,Mumbai,5,23090.0,0.0
ORD10246,2024-01-23,CUS0257,Desk Lamp,Home,West,Pune,2,13630.0,0.0
ORD10247,2024-01-15,CUS0451,Stainless Bottle,Home,East,Kolkata,3,4146.75,0.05
ORD10248,2024-01-10,CUS0485,Wireless Earbuds,Electronics,South,Chennai,7,31619.0,0.0
ORD10249,2024-01-28,CUS0397,Stainless Bottle,Home,South,Hyderabad,1,5150.7,0.1
ORD10250,2024-01-11,CUS0380,Wireless Earbuds,Electronics,South,Visakhapatnam,2,10370.0,0.15
ORD10251,2024-01-14,CUS0045,Stainless Bottle,Home,South,Hyderabad,3,3618.0,0.0
ORD10252,2024-01-23,CUS0362,Leather Wallet,Accessories,East,Kolkata,4,25320.0,0.0
ORD10253,2024-01-30,CUS0279,Desk Lamp,Home,South,Hyderabad,2,910.4,0.2
ORD10254,2024-01-28,CUS0655,Desk Lamp,Home,South,Chennai,7,15960.0,0.0
ORD10255,2024-01-21,CUS0693,Wireless Earbuds,Electronics,East,Kolkata,1,2952.0,0.0
ORD10256,2024-01-04,CUS0601,Yoga Mat,Accessories,West,Mumbai,7,40891.2,0.2
ORD10257,2024-01-04,GST1025,Stainless Bottle,Home,South,Visakhapatnam,4,6504.2,0.15
ORD10258,2024-01-22,CUS0673,Office Chair,Home,West,Mumbai,1,6389.7,0.05
ORD10259,2024-01-16,CUS0318,Cotton Kurta,Apparel,West,Pune,1,7986.65,0.05
ORD10260,2024-01-05,CUS0334,Silk Saree,Apparel,North,Delhi,1,6947.05,0.15
ORD10261,2024-01-22,CUS0757,Cotton Kurta,Apparel,West,Pune,3,8034.15,0.05
ORD10262,2024-01-30,CUS0694,Notebook Set,Accessories,East,Kolkata,3,3220.5,0.05
ORD10263,2024-01-03,CUS0041,Notebook Set,Accessories,South,Vijayawada,5,9715.5,0.1
ORD10264,2024-01-26,CUS0288,Cotton Kurta,Apparel,West,Mumbai,3,18852.75,0.05
ORD10265,2024-01-11,CUS0600,Cotton Kurta,Apparel,West,Mumbai,6,11132.1,0.05
ORD10266,2024-01-13,CUS0432,Leather Wallet,Accessories,West,Pune,3,16833.0,0.0
ORD10267,2024-01-23,CUS0207,Office Chair,Home,West,Pune,2,6452.4,0.05
ORD10268,2024-01-08,CUS0420,Wireless Earbuds,Electronics,South,Chennai,2,12538.1,0.05
ORD10269,2024-01-05,CUS0694,Stainless Bottle,Home,East,Kolkata,3,15861.0,0.0
ORD10270,2024-01-30,CUS0179,Denim Jacket,Apparel,East,Kolkata,6,30726.0,0.0
ORD10271,2024-01-11,CUS0597,Denim Jacket,Apparel,West,Mumbai,2,12099.6,0.1
ORD10272,2024-01-06,CUS0588,Smartwatch,Electronics,South,Hyderabad,2,16264.0,0.0
ORD10273,2024-01-22,CUS0709,Notebook Set,Accessories,South,Chennai,7,23247.0,0.0
ORD10274,2024-01-07,CUS0239,Leather Wallet,Accessories,South,Visakhapatnam,5,23300.0,0.0
ORD10275,2024-01-25,CUS0173,Denim Jacket,Apparel,West,Pune,2,10902.0,0.0
ORD10276,2024-01-03,CUS0439,Office Chair,Home,South,Hyderabad,7,44459.1,0.1
ORD10277,2024-01-17,CUS0426,Notebook Set,Accessories,South,Vijayawada,2,8556.0,0.0
ORD10278,2024-01-13,CUS0328,Coffee Beans,Grocery,South,Hyderabad,2,6804.0,0.0
ORD10279,2024-01-30,CUS0624,Leather Wallet,Accessories,South,Bengaluru,4,26092.8,0.1
ORD10280,2024-01-17,CUS0640,Silk Saree,Apparel,East,Kolkata,5,40590.0,0.0
ORD10281,2024-01-29,CUS0197,Denim Jacket,Apparel,South,Bengaluru,2,9974.0,0.0
ORD10282,2024-01-08,CUS0637,Denim Jacket,Apparel,South,Visakhapatnam,6,6442.2,0.1
ORD10283,2024-01-15,CUS0185,Silk Saree,Apparel,South,Chennai,2,5152.8,0.05
ORD10284,2024-01-26,GST1028,Denim Jacket,Apparel,East,Kolkata,6,22264.2,0.1
ORD10285,2024-01-05,CUS0022,Wireless Earbuds,Electronics,South,Bengaluru,1,5475.6,0.1
ORD10286,2024-01-29,GST1028,Office Chair,Home,East,Kolkata,4,19747.2,0.15
ORD10287,2024-01-24,CUS0767,Smartwatch,Electronics,West,Mumbai,5,35165.0,0.0
ORD10288,2024-01-21,CUS0355,Desk Lamp,Home,East,Kolkata,2,1069.2,0.1
ORD10289,2024-01-08,CUS0569,Denim Jacket,Apparel,West,Mumbai,5,18643.5,0.1
ORD10290,2024-01-26,CUS0087,Silk Saree,Apparel,South,Hyderabad,5,30315.0,0.0
ORD10291,2024-01-27,CUS0509,Coffee Beans,Grocery,South,Visakhapatnam,5,35678.75,0.15
ORD10292,2024-01-10,CUS0298,Stainless Bottle,Home,South,Bengaluru,3,4530.0,0.0
ORD10293,2024-01-19,CUS0596,Denim Jacket,Apparel,North,Delhi,6,38321.4,0.15
ORD10294,2024-01-02,CUS0743,Leather Wallet,Accessories,West,Mumbai,6,2354.1,0.05
ORD10295,2024-01-13,CUS0426,Leather Wallet,Accessories,South,Vijayawada,3,5571.75,0.05
ORD10296,2024-01-05,CUS0083,Coffee Beans,Grocery,South,Vijayawada,6,43518.0,0.0
ORD10297,2024-01-18,CUS0381,Silk Saree,Apparel,South,Hyderabad,7,40233.9,0.15
ORD10298,2024-01-18,CUS0099,Stainless Bottle,Home,West,Mumbai,6,47178.9,0.05
ORD10299,2024-01-17,CUS0360,Coffee Beans,Grocery,West,Pune,6,31482.0,0.0
ORD10300,2024-01-21,CUS0049,Leather Wallet,Accessories,West,Pune,6,32220.0,0.0
ORD10301,2024-01-29,CUS0513,Denim Jacket,Apparel,North,Delhi,6,25423.2,0.1
ORD10302,2024-01-07,CUS0249,Notebook Set,Accessories,North,Delhi,3,13560.0,0.0
ORD10303,2024-01-07,CUS0162,Desk Lamp,Home,West,Mumbai,6,25866.6,0.05
ORD10304,2024-01-07,CUS0014,Desk Lamp,Home,West,Pune,2,5194.6,0.05
ORD10305,2024-01-29,CUS0711,Office Chair,Home,West,Pune,3,21915.0,0.0
ORD10306,2024-01-03,CUS0670,Leather Wallet,Accessories,South,Vijayawada,7,21652.4,0.05
ORD10307,2024-01-01,CUS0650,Silk Saree,Apparel,North,Delhi,2,10656.0,0.0
ORD10308,2024-01-05,GST1030,Office Chair,Home,West,Mumbai,6,29600.4,0.15
ORD10309,2024-01-24,CUS0280,Leather Wallet,Accessories,South,Hyderabad,3,12066.6,0.15
ORD10310,2024-01-18,CUS0778,Office Chair,Home,South,Vijayawada,2,10666.0,0.0
ORD10311,2024-01-29,CUS0463,Wireless Earbuds,Electronics,West,Pune,1,710.6,0.05
ORD10312,2024-01-07,CUS0103,Cotton Kurta,Apparel,North,Delhi,4,11115.0,0.05
ORD10313,2024-01-13,CUS0113,Office Chair,Home,West,Mumbai,4,12809.6,0.2
ORD10314,2024-01-18,CUS0211,Yoga Mat,Accessories,South,Visakhapatnam,4,14248.0,0.0
ORD10315,2024-01-03,CUS0778,Office Chair,Home,South,Vijayawada,1,7362.5,0.05
ORD10316,2024-01-29,CUS0136,Coffee Beans,Grocery,South,Visakhapatnam,2,13023.7,0.15
ORD10317,2024-01-25,CUS0723,Stainless Bottle,Home,North,Delhi,1,6150.0,0.0
ORD10318,2024-01-05,CUS0543,Office Chair,Home,South,Vijayawada,3,9179.85,0.05
ORD10319,2024-01-27,CUS0738,Cotton Kurta,Apparel,South,Bengaluru,7,5355.0,0.0
ORD10320,2024-01-14,CUS0661,Office Chair,Home,South,Vijayawada,2,12357.6,0.05
ORD10321,2024-01-11,CUS0266,Denim Jacket,Apparel,West,Mumbai,5,37770.0,0.0
ORD10322,2024-01-30,CUS0663,Yoga Mat,Accessories,South,Hyderabad,1,3472.0,0.2
ORD10323,2024-01-17,CUS0136,Silk Saree,Apparel,South,Visakhapatnam,4,28348.0,0.0
ORD10324,2024-01-08,CUS0233,Notebook Set,Accessories,South,Hyderabad,7,55538.0,0.0
ORD10325,2024-01-26,CUS0170,Wireless Earbuds,Electronics,South,Hyderabad,3,12973.5,0.1
ORD10326,2024-01-23,CUS0107,Desk Lamp,Home,North,Delhi,2,3702.6,0.1
ORD10327,2024-01-06,CUS0073,Silk Saree,Apparel,South,Chennai,4,2021.6,0.05
ORD10328,2024-01-21,CUS0150,Denim Jacket,Apparel,South,Hyderabad,2,11734.2,0.1
ORD10329,2024-01-20,CUS0097,Coffee Beans,Grocery,South,Visakhapatnam,7,34531.0,0.0
ORD10330,2024-01-09,CUS0305,Wireless Earbuds,Electronics,South,Chennai,6,9131.4,0.05
ORD10331,2024-01-14,GST1033,Office Chair,Home,South,Vijayawada,5,3970.0,0.0
ORD10332,2024-01-27,CUS0050,Coffee Beans,Grocery,North,Delhi,5,41255.0,0.0
ORD10333,2024-01-06,CUS0792,Stainless Bottle,Home,South,Chennai,5,12584.25,0.15
ORD10334,2024-01-23,CUS0071,Cotton Kurta,Apparel,North,Delhi,6,16281.0,0.1
ORD10335,2024-01-26,CUS0060,Smartwatch,Electronics,West,Pune,4,21900.0,0.0
ORD10336,2024-01-30,CUS0025,Smartwatch,Electronics,North,Delhi,7,23240.0,0.0
ORD10337,2024-01-11,GST1033,Wireless Earbuds,Electronics,South,Vijayawada,3,19864.5,0.15
ORD10338,2024-01-09,CUS0423,Denim Jacket,Apparel,West,Pune,1,5899.0,0.0
ORD10339,2024-01-29,CUS0662,Office Chair,Home,West,Pune,5,16330.0,0.0
ORD10340,2024-01-15,CUS0588,Smartwatch,Electronics,South,Hyderabad,5,12615.0,0.0
ORD10341,2024-01-18,CUS0465,Wireless Earbuds,Electronics,South,Hyderabad,7,51513.0,0.0
ORD10342,2024-01-16,CUS0069,Smartwatch,Electronics,South,Hyderabad,3,15516.0,0.0
ORD10343,2024-01-16,CUS0620,Smartwatch,Electronics,South,Vijayawada,3,18801.6,0.2
ORD10344,2024-01-20,CUS0030,Denim Jacket,Apparel,South,Bengaluru,4,12648.0,0.0
ORD10345,2024-01-14,CUS0505,Desk Lamp,Home,South,Visakhapatnam,3,1484.85,0.05
ORD10346,2024-01-13,CUS0328,Coffee Beans,Grocery,South,Hyderabad,6,41455.8,0.1
ORD10347,2024-01-13,CUS0706,Office Chair,Home,West,Mumbai,3,6557.85,0.05
ORD10348,2024-01-21,CUS0247,Stainless Bottle,Home,West,Pune,6,39096.0,0.1
ORD10349,2024-01-26,CUS0511,Coffee Beans,Grocery,East,Kolkata,3,17484.75,0.05
ORD10350,2024-01-18,CUS0352,Stainless Bottle,Home,South,Hyderabad,2,4254.1,0.05
ORD10351,2024-01-22,CUS0418,Denim Jacket,Apparel,South,Vijayawada,7,43344.7,0.05
ORD10352,2024-01-13,CUS0752,Smartwatch,Electronics,South,Vijayawada,4,3650.4,0.1
ORD10353,2024-01-24,CUS0571,Desk Lamp,Home,East,Kolkata,5,15966.0,0.1
ORD10354,2024-01-13,CUS0332,Desk Lamp,Home,South,Bengaluru,5,14647.5,0.1
ORD10355,2024-01-14,CUS0358,Silk Saree,Apparel,East,Kolkata,3,17106.0,0.0
ORD10356,2024-01-02,CUS0564,Silk Saree,Apparel,South,Vijayawada,7,31294.9,0.05
ORD10357,2024-01-09,CUS0277,Smartwatch,Electronics,South,Chennai,3,14415.3,0.1
ORD10358,2024-01-23,CUS0135,Notebook Set,Accessories,North,Delhi,7,29617.0,0.0
ORD10359,2024-01-03,CUS0375,Yoga Mat,Accessories,North,Delhi,4,21688.6,0.15
ORD10360,2024-01-07,CUS0055,Notebook Set,Accessories,South,Chennai,1,1654.0,0.0
ORD10361,2024-01-25,CUS0136,Denim Jacket,Apparel,South,Visakhapatnam,1,6207.0,0.0
ORD10362,2024-01-28,CUS0337,Smartwatch,Electronics,East,Kolkata,7,4504.15,0.15
ORD10363,2024-01-13,CUS0638,Office Chair,Home,South,Visakhapatnam,4,4196.0,0.0
ORD10364,2024-01-13,CUS0626,Desk Lamp,Home,South,Visakhapatnam,3,18741.0,0.0
ORD10365,2024-01-16,CUS0209,Desk Lamp,Home,South,Visakhapatnam,6,9834.0,0.0
ORD10366,2024-01-24,CUS0338,Smartwatch,Electronics,South,Visakhapatnam,5,28160.5,0.15
ORD10367,2024-01-15,CUS0123,Cotton Kurta,Apparel,West,Mumbai,5,6797.25,0.05
ORD10368,2024-01-06,CUS0605,Notebook Set,Accessories,North,Delhi,5,7338.75,0.05
ORD10369,2024-01-14,CUS0198,Coffee Beans,Grocery,South,Vijayawada,2,14308.2,0.1
ORD10370,2024-01-08,GST1037,Cotton Kurta,Apparel,East,Kolkata,1,1705.25,0.05
ORD10371,2024-01-22,CUS0674,Smartwatch,Electronics,South,Hyderabad,6,39754.5,0.15
ORD10372,2024-01-05,CUS0552,Office Chair,Home,South,Bengaluru,1,2868.3,0.1
ORD10373,2024-01-19,CUS0265,Leather Wallet,Accessories,East,Kolkata,6,41088.0,0.0
ORD10374,2024-01-05,CUS0763,Coffee Beans,Grocery,East,Kolkata,1,6404.8,0.2
ORD10375,2024-01-31,CUS0549,Smartwatch,Electronics,South,Chennai,2,2471.9,0.05
ORD10376,2024-01-20,CUS0517,Yoga Mat,Accessories,North,Delhi,5,15215.0,0.0
ORD10377,2024-01-05,CUS0686,Coffee Beans,Grocery,North,Delhi,5,25150.0,0.0
ORD10378,2024-01-30,CUS0706,Leather Wallet,Accessories,West,Mumbai,6,42197.1,0.05
ORD10379,2024-01-18,CUS0063,Wireless Earbuds,Electronics,South,Bengaluru,5,9375.0,0.0
ORD10380,2024-01-19,CUS0706,Leather Wallet,Accessories,West,Mumbai,1,1778.4,0.05
ORD10381,2024-01-02,CUS0613,Smartwatch,Electronics,North,Delhi,6,20112.0,0.0
ORD10382,2024-01-06,CUS0166,Cotton Kurta,Apparel,North,Delhi,2,3832.3,0.05
ORD10383,2024-01-26,CUS0247,Leather Wallet,Accessories,West,Pune,1,2526.0,0.0
ORD10384,2024-01-15,CUS0603,Notebook Set,Accessories,West,Pune,7,8870.4,0.1
ORD10385,2024-01-20,CUS0174,Smartwatch,Electronics,West,Pune,2,14210.0,0.0
ORD10386,2024-01-31,CUS0362,Desk Lamp,Home,East,Kolkata,4,27372.0,0.0
ORD10387,2024-01-14,CUS0552,Smartwatch,Electronics,South,Bengaluru,4,6108.0,0.0
ORD10388,2024-01-12,CUS0521,Silk Saree,Apparel,South,Bengaluru,6,26926.8,0.05
ORD10389,2024-01-25,CUS0728,Coffee Beans,Grocery,South,Hyderabad,1,5335.2,0.05
ORD10390,2024-01-03,CUS0090,Cotton Kurta,Apparel,North,Delhi,1,5190.8,0.05
ORD10391,2024-01-15,CUS0237,Office Chair,Home,West,Mumbai,3,25104.0,0.0
ORD10392,2024-01-27,CUS0788,Cotton Kurta,Apparel,West,Pune,4,18958.4,0.15
ORD10393,2024-01-08,CUS0456,Yoga Mat,Accessories,South,Chennai,6,33909.3,0.05
ORD10394,2024-01-10,CUS0199,Notebook Set,Accessories,South,Bengaluru,5,3085.0,0.0
ORD10395,2024-01-15,GST1039,Stainless Bottle,Home,South,Visakhapatnam,2,1791.0,0.1
ORD10396,2024-01-03,CUS0272,Stainless Bottle,Home,South,Hyderabad,7,35870.1,0.05
ORD10397,2024-01-03,CUS0444,Leather Wallet,Accessories,South,Chennai,4,29442.4,0.05
ORD10398,2024-01-08,CUS0228,Coffee Beans,Grocery,West,Mumbai,7,25214.0,0.0
ORD10399,2024-01-28,CUS0498,Notebook Set,Accessories,South,Bengaluru,7,39137.0,0.0
ORD10400,2024-01-07,CUS0357,Denim Jacket,Apparel,South,Vijayawada,1,1958.9,0.05
ORD10401,2024-01-23,CUS0489,Office Chair,Home,West,Pune,4,16272.0,0.0
ORD10402,2024-01-14,CUS0125,Leather Wallet,Accessories,North,Delhi,3,19416.0,0.0
ORD10403,2024-01-24,CUS0499,Wireless Earbuds,Electronics,East,Kolkata,4,18323.2,0.2
ORD10404,2024-01-11,CUS0740,Yoga Mat,Accessories,East,Kolkata,3,3648.0,0.05
ORD10405,2024-01-28,CUS0109,Cotton Kurta,Apparel,South,Chennai,4,30056.0,0.0
ORD10406,2024-01-12,CUS0262,Notebook Set,Accessories,South,Vijayawada,4,31624.0,0.0
ORD10407,2024-01-25,CUS0555,Stainless Bottle,Home,East,Kolkata,2,7628.4,0.1
ORD10408,2024-01-26,CUS0494,Yoga Mat,Accessories,West,Mumbai,3,9381.0,0.0
ORD10409,2024-01-14,CUS0540,Leather Wallet,Accessories,South,Hyderabad,2,9360.0,0.0
ORD10410,2024-01-21,CUS0448,Denim Jacket,Apparel,East,Kolkata,6,41286.0,0.0
ORD10411,2024-01-04,CUS0547,Desk Lamp,Home,South,Bengaluru,5,18166.5,0.1
ORD10412,2024-01-16,CUS0488,Notebook Set,Accessories,South,Chennai,3,1695.75,0.05
ORD10413,2024-01-12,CUS0060,Silk Saree,Apparel,West,Pune,3,2823.0,0.0
ORD10414,2024-01-30,CUS0602,Leather Wallet,Accessories,North,Delhi,1,6964.0,0.0
ORD10415,2024-01-29,CUS0358,Wireless Earbuds,Electronics,East,Kolkata,3,19277.4,0.05
ORD10416,2024-01-25,CUS0042,Office Chair,Home,West,Pune,7,44169.3,0.05
ORD10417,2024-01-30,CUS0328,Office Chair,Home,South,Hyderabad,1,1311.0,0.05
ORD10418,2024-01-31,CUS0349,Yoga Mat,Accessories,South,Vijayawada,2,3482.0,0.0
ORD10419,2024-01-24,CUS0070,Notebook Set,Accessories,South,Chennai,6,19251.0,0.1
ORD10420,2024-01-19,CUS0797,Smartwatch,Electronics,East,Kolkata,4,7585.4,0.15
ORD10421,2024-01-07,CUS0178,Denim Jacket,Apparel,South,Vijayawada,1,3326.9,0.05
ORD10422,2024-01-26,CUS0265,Desk Lamp,Home,East,Kolkata,4,19604.0,0.0
ORD10423,2024-01-07,CUS0353,Stainless Bottle,Home,South,Visakhapatnam,6,15002.4,0.05
ORD10424,2024-01-06,CUS0667,Leather Wallet,Accessories,South,Chennai,3,4068.0,0.0
ORD10425,2024-01-28,CUS0595,Leather Wallet,Accessories,South,Visakhapatnam,3,10890.0,0.0
ORD10426,2024-01-04,CUS0617,Smartwatch,Electronics,South,Visakhapatnam,5,31195.0,0.0
ORD10427,2024-01-05,CUS0190,Coffee Beans,Grocery,South,Visakhapatnam,5,22890.5,0.15
ORD10428,2024-01-16,CUS0677,Cotton Kurta,Apparel,West,Mumbai,7,20783.0,0.0
ORD10429,2024-01-19,CUS0664,Silk Saree,Apparel,South,Vijayawada,2,4907.9,0.15
ORD10430,2024-01-02,CUS0372,Cotton Kurta,Apparel,West,Mumbai,2,9703.3,0.05
ORD10431,2024-01-12,CUS0437,Coffee Beans,Grocery,West,Mumbai,2,3334.5,0.05
ORD10432,2024-01-07,CUS0030,Denim Jacket,Apparel,South,Bengaluru,5,35720.0,0.0
ORD10433,2024-01-10,GST1043,Stainless Bottle,Home,West,Pune,4,28253.0,0.05
ORD10434,2024-01-06,CUS0769,Leather Wallet,Accessories,South,Vijayawada,3,1671.0,0.0
ORD10435,2024-01-21,CUS0379,Leather Wallet,Accessories,South,Bengaluru,5,39244.5,0.05
ORD10436,2024-01-15,CUS0433,Coffee Beans,Grocery,North,Delhi,3,1620.0,0.0
ORD10437,2024-01-30,GST1043,Cotton Kurta,Apparel,South,Bengaluru,2,8174.0,0.0
ORD10438,2024-01-01,CUS0067,Smartwatch,Electronics,East,Kolkata,4,21994.4,0.05
ORD10439,2024-01-25,CUS0496,Office Chair,Home,South,Bengaluru,4,12060.0,0.0
ORD10440,2024-01-29,CUS0578,Yoga Mat,Accessories,South,Chennai,3,6027.0,0.0
ORD10441,2024-01-16,CUS0743,Stainless Bottle,Home,West,Mumbai,4,2355.2,0.2
ORD10442,2024-01-22,CUS0744,Office Chair,Home,South,Visakhapatnam,7,43946.0,0.0
ORD10443,2024-01-14,GST1044,Wireless Earbuds,Electronics,South,Chennai,2,1300.0,0.0
ORD10444,2024-01-19,CUS0768,Silk Saree,Apparel,South,Chennai,2,8592.0,0.0
ORD10445,2024-01-29,CUS0423,Desk Lamp,Home,West,Pune,4,14204.0,0.0
ORD10446,2024-01-17,CUS0514,Wireless Earbuds,Electronics,North,Delhi,1,7824.2,0.05
ORD10447,2024-01-18,CUS0482,Office Chair,Home,North,Delhi,2,15862.0,0.0
ORD10448,2024-01-31,CUS0799,Leather Wallet,Accessories,South,Visakhapatnam,4,26645.6,0.05
ORD10449,2024-01-16,CUS0591,Office Chair,Home,North,Delhi,4,23959.0,0.05
ORD10450,2024-01-06,GST1045,Office Chair,Home,East,Kolkata,5,23870.0,0.0
ORD10451,2024-01-22,CUS0058,Cotton Kurta,Apparel,South,Vijayawada,1,2716.6,0.15
ORD10452,2024-01-22,CUS0328,Stainless Bottle,Home,South,Hyderabad,6,8198.4,0.2
ORD10453,2024-01-08,CUS0413,Desk Lamp,Home,South,Visakhapatnam,4,32956.0,0.0
ORD10454,2024-01-23,CUS0535,Silk Saree,Apparel,West,Mumbai,2,6972.0,0.0
ORD10455,2024-01-02,CUS0386,Denim Jacket,Apparel,South,Vijayawada,3,11532.0,0.0
ORD10456,2024-01-10,GST1045,Leather Wallet,Accessories,West,Mumbai,2,3000.0,0.0
ORD10457,2024-01-27,GST1045,Coffee Beans,Grocery,South,Bengaluru,4,9899.0,0.05
ORD10458,2024-01-20,CUS0268,Office Chair,Home,South,Bengaluru,4,20979.8,0.05
ORD10459,2024-01-19,CUS0395,Coffee Beans,Grocery,West,Pune,4,15296.0,0.0
ORD10460,2024-01-20,CUS0446,Denim Jacket,Apparel,West,Mumbai,4,20496.0,0.0
ORD10461,2024-01-06,CUS0375,Wireless Earbuds,Electronics,North,Delhi,7,14518.0,0.0
ORD10462,2024-01-30,CUS0775,Coffee Beans,Grocery,North,Delhi,7,5700.8,0.2
ORD10463,2024-01-10,CUS0770,Denim Jacket,Apparel,South,Bengaluru,4,25727.8,0.15
ORD10464,2024-01-25,CUS0411,Stainless Bottle,Home,South,Vijayawada,7,27097.0,0.0
ORD10465,2024-01-31,CUS0361,Denim Jacket,Apparel,North,Delhi,6,18770.1,0.05
ORD10466,2024-01-08,CUS0472,Wireless Earbuds,Electronics,North,Delhi,6,15281.7,0.05
ORD10467,2024-01-20,CUS0145,Desk Lamp,Home,East,Kolkata,2,10852.8,0.05
ORD10468,2024-01-02,GST1046,Smartwatch,Electronics,South,Bengaluru,4,18768.2,0.05
ORD10469,2024-01-20,CUS0174,Notebook Set,Accessories,West,Pune,3,8976.0,0.15
ORD10470,2024-01-14,CUS0116,Coffee Beans,Grocery,West,Mumbai,1,7937.0,0.0
ORD10471,2024-01-03,CUS0077,Office Chair,Home,South,Visakhapatnam,1,7699.0,0.0
ORD10472,2024-01-21,CUS0470,Office Chair,Home,East,Kolkata,5,7868.0,0.2
ORD10473,2024-01-31,CUS0001,Cotton Kurta,Apparel,South,Hyderabad,3,16755.0,0.0
ORD10474,2024-01-03,CUS0517,Denim Jacket,Apparel,North,Delhi,6,49452.0,0.0
ORD10475,2024-01-28,GST1047,Cotton Kurta,Apparel,South,Visakhapatnam,5,19480.5,0.1
ORD10476,2024-01-27,CUS0294,Notebook Set,Accessories,South,Visakhapatnam,1,536.4,0.1
ORD10477,2024-01-17,CUS0616,Denim Jacket,Apparel,West,Mumbai,6,8128.2,0.05
ORD10478,2024-01-28,GST1047,Smartwatch,Electronics,West,Mumbai,4,20847.6,0.1
ORD10479,2024-01-10,CUS0587,Notebook Set,Accessories,West,Pune,4,29260.0,0.05
ORD10480,2024-01-23,CUS0568,Yoga Mat,Accessories,South,Visakhapatnam,7,9772.0,0.0
ORD10481,2024-01-22,CUS0026,Stainless Bottle,Home,West,Mumbai,5,22828.5,0.05
ORD10482,2024-01-18,CUS0173,Cotton Kurta,Apparel,West,Pune,1,3959.1,0.1
ORD10483,2024-01-26,CUS0456,Office Chair,Home,South,Chennai,2,4544.1,0.15
ORD10484,2024-01-28,GST1048,Office Chair,Home,West,Mumbai,3,16494.0,0.0
ORD10485,2024-01-25,CUS0124,Wireless Earbuds,Electronics,South,Chennai,1,7505.0,0.0
ORD10486,2024-01-19,CUS0085,Yoga Mat,Accessories,West,Mumbai,2,4138.2,0.1
ORD10487,2024-01-31,CUS0753,Coffee Beans,Grocery,South,Hyderabad,6,4758.0,0.0
ORD10488,2024-01-18,CUS0774,Wireless Earbuds,Electronics,West,Pune,1,3275.0,0.0
ORD10489,2024-01-20,CUS0134,Wireless Earbuds,Electronics,West,Mumbai,2,5236.2,0.1
ORD10490,2024-01-06,CUS0322,Wireless Earbuds,Electronics,South,Hyderabad,4,23848.8,0.05
ORD10491,2024-01-10,GST1049,Notebook Set,Accessories,South,Hyderabad,1,4725.0,0.0
ORD10492,2024-01-29,CUS0157,Cotton Kurta,Apparel,South,Vijayawada,2,990.0,0.0
ORD10493,2024-01-16,CUS0261,Notebook Set,Accessories,North,Delhi,7,21833.0,0.0
ORD10494,2024-01-16,CUS0317,Leather Wallet,Accessories,West,Pune,5,28534.5,0.1
ORD10495,2024-01-26,CUS0514,Desk Lamp,Home,North,Delhi,7,28162.75,0.05
ORD10496,2024-01-11,CUS0247,Stainless Bottle,Home,West,Pune,3,14811.0,0.0
ORD10497,2024-01-09,CUS0330,Notebook Set,Accessories,South,Chennai,5,12520.0,0.0
ORD10498,2024-01-01,CUS0232,Leather Wallet,Accessories,North,Delhi,2,5906.0,0.0
ORD10499,2024-01-08,CUS0608,Wireless Earbuds,Electronics,South,Chennai,3,4230.0,0.0
ORD10500,2024-01-16,CUS0123,Cotton Kurta,Apparel,West,Mumbai,2,2030.0,0.0
ORD10501,2024-01-23,CUS0185,Stainless Bottle,Home,South,Chennai,6,3705.0,0.05
ORD10502,2024-01-11,CUS0200,Silk Saree,Apparel,East,Kolkata,2,10876.0,0.0
ORD10503,2024-01-14,CUS0725,Silk Saree,Apparel,North,Delhi,2,3268.0,0.0
ORD10504,2024-01-07,CUS0756,Coffee Beans,Grocery,South,Bengaluru,4,19098.8,0.05
ORD10505,2024-01-26,CUS0401,Desk Lamp,Home,East,Kolkata,4,32464.0,0.0
ORD10506,2024-01-17,GST1050,Stainless Bottle,Home,South,Bengaluru,3,18096.0,0.0
ORD10507,2024-01-05,GST1050,Denim Jacket,Apparel,West,Mumbai,3,15117.0,0.0
ORD10508,2024-01-19,CUS0394,Silk Saree,Apparel,West,Mumbai,3,3906.0,0.0
ORD10509,2024-01-11,CUS0680,Cotton Kurta,Apparel,East,Kolkata,7,30345.0,0.0
ORD10510,2024-01-27,CUS0288,Smartwatch,Electronics,West,Mumbai,5,34258.5,0.1
ORD10511,2024-01-09,CUS0800,Cotton Kurta,Apparel,South,Bengaluru,7,24374.0,0.0
ORD10512,2024-01-27,CUS0646,Desk Lamp,Home,South,Visakhapatnam,7,44622.9,0.1
ORD10513,2024-01-22,CUS0180,Wireless Earbuds,Electronics,South,Chennai,5,27553.5,0.1
ORD10514,2024-01-05,CUS0581,Office Chair,Home,South,Hyderabad,6,15144.0,0.0
ORD10515,2024-01-24,CUS0230,Stainless Bottle,Home,South,Vijayawada,1,1501.0,0.0
ORD10516,2024-01-23,CUS0280,Wireless Earbuds,Electronics,South,Hyderabad,7,3416.0,0.0
ORD10517,2024-01-15,GST1051,Desk Lamp,Home,South,Hyderabad,4,10400.0,0.0
ORD10518,2024-01-05,CUS0546,Cotton Kurta,Apparel,South,Hyderabad,5,14549.25,0.05
ORD10519,2024-01-15,CUS0211,Wireless Earbuds,Electronics,South,Visakhapatnam,2,11390.0,0.0
ORD10520,2024-01-19,CUS0512,Coffee Beans,Grocery,West,Pune,1,4514.4,0.1
ORD10521,2024-01-05,CUS0466,Coffee Beans,Grocery,East,Kolkata,7,28289.1,0.05
ORD10522,2024-01-11,CUS0601,Desk Lamp,Home,West,Mumbai,4,22467.6,0.1
ORD10523,2024-01-22,CUS0795,Coffee Beans,Grocery,South,Bengaluru,1,5963.4,0.1
ORD10524,2024-01-18,CUS0008,Office Chair,Home,West,Pune,5,29279.0,0.05
ORD10525,2024-01-31,CUS0793,Silk Saree,Apparel,West,Pune,1,6511.85,0.15
ORD10526,2024-01-07,CUS0088,Notebook Set,Accessories,South,Visakhapatnam,4,10499.2,0.2
ORD10527,2024-01-25,CUS0422,Smartwatch,Electronics,West,Pune,5,35300.0,0.0
ORD10528,2024-01-14,CUS0273,Stainless Bottle,Home,South,Vijayawada,6,22674.0,0.0
ORD10529,2024-01-07,CUS0512,Stainless Bottle,Home,West,Pune,4,7404.0,0.0
ORD10530,2024-01-30,CUS0578,Wireless Earbuds,Electronics,South,Chennai,3,4614.0,0.0
ORD10531,2024-01-20,CUS0688,Yoga Mat,Accessories,West,Mumbai,6,6241.5,0.05
ORD10532,2024-01-17,CUS0322,Office Chair,Home,South,Hyderabad,2,16276.0,0.0
ORD10533,2024-01-10,CUS0747,Smartwatch,Electronics,South,Chennai,1,1643.5,0.05
ORD10534,2024-01-28,CUS0258,Wireless Earbuds,Electronics,South,Hyderabad,2,12882.6,0.1
ORD10535,2024-01-01,CUS0164,Yoga Mat,Accessories,South,Bengaluru,6,40410.0,0.0
ORD10536,2024-01-04,CUS0304,Denim Jacket,Apparel,East,Kolkata,4,14930.2,0.05
ORD10537,2024-01-06,CUS0423,Silk Saree,Apparel,West,Pune,1,7797.0,0.0
ORD10538,2024-01-21,CUS0535,Notebook Set,Accessories,West,Mumbai,2,13953.6,0.1
ORD10539,2024-01-04,CUS0667,Wireless Earbuds,Electronics,South,Chennai,1,7497.4,0.05
ORD10540,2024-01-25,CUS0180,Stainless Bottle,Home,South,Chennai,6,26394.0,0.0
ORD10541,2024-01-07,CUS0243,Yoga Mat,Accessories,South,Hyderabad,4,10564.0,0.05
ORD10542,2024-01-21,CUS0751,Notebook Set,Accessories,East,Kolkata,1,707.0,0.0
ORD10543,2024-01-25,CUS0352,Stainless Bottle,Home,South,Hyderabad,2,12956.4,0.1
ORD10544,2024-01-28,CUS0194,Yoga Mat,Accessories,South,Bengaluru,5,35454.0,0.05
ORD10545,2024-01-10,CUS0789,Notebook Set,Accessories,South,Chennai,5,23600.0,0.0
ORD10546,2024-01-03,CUS0360,Coffee Beans,Grocery,West,Pune,6,5289.6,0.05
ORD10547,2024-01-24,CUS0789,Cotton Kurta,Apparel,South,Chennai,1,5996.75,0.15
ORD10548,2024-01-14,CUS0736,Yoga Mat,Accessories,West,Pune,1,2502.9,0.1
ORD10549,2024-01-30,CUS0725,Denim Jacket,Apparel,North,Delhi,1,4578.05,0.05
ORD10550,2024-01-06,CUS0466,Notebook Set,Accessories,East,Kolkata,3,15454.8,0.1
ORD10551,2024-01-18,CUS0639,Cotton Kurta,Apparel,North,Delhi,6,9234.0,0.0
ORD10552,2024-01-04,CUS0769,Denim Jacket,Apparel,South,Vijayawada,5,3874.5,0.1
ORD10553,2024-01-16,CUS0216,Denim Jacket,Apparel,South,Visakhapatnam,2,1791.0,0.1
ORD10554,2024-01-01,GST1055,Stainless Bottle,Home,East,Kolkata,5,40830.0,0.0
ORD10555,2024-01-24,CUS0257,Cotton Kurta,Apparel,West,Pune,5,40755.0,0.0
ORD10556,2024-01-19,CUS0510,Cotton Kurta,Apparel,South,Visakhapatnam,2,7656.0,0.0
ORD10557,2024-01-04,CUS0438,Office Chair,Home,East,Kolkata,6,22920.0,0.0
ORD10558,2024-01-16,CUS0065,Coffee Beans,Grocery,South,Bengaluru,3,10995.0,0.0
ORD10559,2024-01-14,GST1055,Office Chair,Home,North,Delhi,1,3206.0,0.0
ORD10560,2024-01-21,GST1056,Desk Lamp,Home,West,Mumbai,3,13628.7,0.05
ORD10561,2024-01-16,CUS0405,Stainless Bottle,Home,South,Chennai,6,19518.0,0.0
ORD10562,2024-01-15,GST1056,Office Chair,Home,South,Hyderabad,5,26855.0,0.0
ORD10563,2024-01-26,CUS0510,Smartwatch,Electronics,South,Visakhapatnam,2,6532.2,0.05
ORD10564,2024-01-17,CUS0331,Stainless Bottle,Home,South,Chennai,6,32898.0,0.0
ORD10565,2024-01-26,CUS0327,Cotton Kurta,Apparel,South,Visakhapatnam,3,24153.0,0.0
ORD10566,2024-01-28,CUS0543,Denim Jacket,Apparel,South,Vijayawada,4,7297.2,0.1
ORD10567,2024-01-27,CUS0600,Yoga Mat,Accessories,West,Mumbai,1,688.8,0.2
ORD10568,2024-01-30,CUS0647,Smartwatch,Electronics,South,Chennai,7,30869.3,0.05
ORD10569,2024-01-22,CUS0267,Cotton Kurta,Apparel,South,Chennai,6,7920.0,0.0
ORD10570,2024-01-18,CUS0340,Silk Saree,Apparel,East,Kolkata,2,4470.0,0.0
ORD10571,2024-01-17,CUS0265,Notebook Set,Accessories,East,Kolkata,4,21712.0,0.2
ORD10572,2024-01-07,CUS0423,Wireless Earbuds,Electronics,West,Pune,6,21403.5,0.05
ORD10573,2024-01-26,CUS0102,Cotton Kurta,Apparel,South,Vijayawada,4,17377.2,0.1
ORD10574,2024-01-22,CUS0345,Yoga Mat,Accessories,East,Kolkata,2,12682.5,0.05
ORD10575,2024-01-28,CUS0151,Office Chair,Home,North,Delhi,7,9779.0,0.0
ORD10576,2024-01-22,CUS0426,Desk Lamp,Home,South,Vijayawada,2,8500.0,0.0
ORD10577,2024-01-15,CUS0681,Notebook Set,Accessories,West,Pune,3,1701.0,0.1
ORD10578,2024-01-10,CUS0789,Wireless Earbuds,Electronics,South,Chennai,3,11265.9,0.15
ORD10579,2024-01-31,CUS0358,Office Chair,Home,East,Kolkata,7,15239.0,0.0
ORD10580,2024-01-23,CUS0046,Yoga Mat,Accessories,East,Kolkata,4,29548.8,0.05
ORD10581,2024-01-28,GST1058,Stainless Bottle,Home,South,Chennai,6,14850.0,0.0
ORD10582,2024-01-19,CUS0084,Denim Jacket,Apparel,North,Delhi,7,11093.6,0.2
ORD10583,2024-01-16,CUS0608,Yoga Mat,Accessories,South,Chennai,7,3255.0,0.0
ORD10584,2024-01-02,CUS0788,Yoga Mat,Accessories,West,Pune,6,7754.4,0.1
ORD10585,2024-01-03,CUS0444,Silk Saree,Apparel,South,Chennai,7,14777.0,0.0
ORD10586,2024-01-22,CUS0142,Silk Saree,Apparel,South,Vijayawada,7,14683.2,0.05
ORD10587,2024-01-07,CUS0017,Yoga Mat,Accessories,South,Chennai,7,42340.55,0.05
ORD10588,2024-01-03,CUS0781,Silk Saree,Apparel,North,Delhi,5,37915.0,0.0
ORD10589,2024-01-25,CUS0254,Notebook Set,Accessories,South,Visakhapatnam,1,6588.9,0.1
ORD10590,2024-01-20,CUS0090,Silk Saree,Apparel,North,Delhi,1,6922.4,0.15
ORD10591,2024-01-04,CUS0142,Coffee Beans,Grocery,South,Vijayawada,6,39117.0,0.15
ORD10592,2024-01-16,CUS0205,Yoga Mat,Accessories,South,Chennai,3,12186.0,0.0
ORD10593,2024-01-15,CUS0525,Desk Lamp,Home,South,Visakhapatnam,6,19045.8,0.1
ORD10594,2024-01-01,CUS0714,Wireless Earbuds,Electronics,West,Pune,7,37512.65,0.05
ORD10595,2024-01-19,CUS0221,Smartwatch,Electronics,South,Vijayawada,5,14026.75,0.05
ORD10596,2024-01-13,CUS0550,Yoga Mat,Accessories,West,Pune,6,30039.0,0.05
ORD10597,2024-01-28,CUS0052,Leather Wallet,Accessories,South,Vijayawada,2,16146.2,0.05
ORD10598,2024-01-04,CUS0009,Denim Jacket,Apparel,South,Vijayawada,4,7856.0,0.0
ORD10599,2024-01-27,GST1059,Office Chair,Home,East,Kolkata,7,46340.0,0.0
ORD10600,2024-01-01,CUS0739,Coffee Beans,Grocery,West,Pune,6,47844.0,0.0
ORD10601,2024-01-24,CUS0466,Wireless Earbuds,Electronics,East,Kolkata,2,9458.0,0.0
ORD10602,2024-01-25,CUS0645,Yoga Mat,Accessories,West,Pune,7,22757.0,0.0
ORD10603,2024-01-13,CUS0018,Denim Jacket,Apparel,South,Vijayawada,4,9704.0,0.0
ORD10604,2024-01-09,CUS0018,Notebook Set,Accessories,South,Vijayawada,6,9282.6,0.1
ORD10605,2024-01-05,GST1060,Denim Jacket,Apparel,South,Hyderabad,4,11278.4,0.05
ORD10606,2024-01-11,GST1060,Wireless Earbuds,Electronics,North,Delhi,5,32170.0,0.0
ORD10607,2024-01-21,GST1060,Desk Lamp,Home,North,Delhi,2,8190.0,0.1
ORD10608,2024-01-23,CUS0416,Smartwatch,Electronics,West,Pune,3,5492.7,0.15
ORD10609,2024-01-06,GST1060,Denim Jacket,Apparel,South,Hyderabad,6,24311.7,0.15
ORD10610,2024-01-01,CUS0184,Stainless Bottle,Home,West,Pune,6,37492.2,0.1
ORD10611,2024-01-18,CUS0356,Cotton Kurta,Apparel,East,Kolkata,1,368.8,0.2
ORD10612,2024-01-19,CUS0540,Coffee Beans,Grocery,South,Hyderabad,1,491.15,0.05
ORD10613,2024-01-31,CUS0355,Cotton Kurta,Apparel,East,Kolkata,5,32676.0,0.2
ORD10614,2024-01-24,CUS0307,Smartwatch,Electronics,South,Visakhapatnam,4,21923.2,0.15
ORD10615,2024-01-18,GST1061,Coffee Beans,Grocery,South,Visakhapatnam,6,30246.0,0.0
ORD10616,2024-01-19,CUS0362,Silk Saree,Apparel,East,Kolkata,1,6573.05,0.15
ORD10617,2024-01-21,CUS0643,Cotton Kurta,Apparel,North,Delhi,3,13907.7,0.1
ORD10618,2024-01-15,CUS0502,Yoga Mat,Accessories,West,Mumbai,1,4133.7,0.1
ORD10619,2024-01-22,CUS0715,Cotton Kurta,Apparel,East,Kolkata,5,8810.25,0.15
ORD10620,2024-01-07,GST1062,Notebook Set,Accessories,West,Pune,7,48692.0,0.0
ORD10621,2024-01-26,CUS0009,Desk Lamp,Home,South,Vijayawada,2,13168.0,0.0
ORD10622,2024-01-27,CUS0439,Notebook Set,Accessories,South,Hyderabad,3,7863.15,0.05
ORD10623,2024-01-14,CUS0143,Denim Jacket,Apparel,South,Visakhapatnam,6,34333.2,0.1
ORD10624,2024-01-15,CUS0476,Silk Saree,Apparel,North,Delhi,1,5333.75,0.15
ORD10625,2024-01-16,CUS0724,Coffee Beans,Grocery,South,Vijayawada,7,6693.75,0.15
ORD10626,2024-01-26,CUS0270,Leather Wallet,Accessories,West,Mumbai,7,10439.1,0.1
ORD10627,2024-01-06,CUS0440,Notebook Set,Accessories,South,Bengaluru,2,8318.4,0.2
ORD10628,2024-01-11,CUS0546,Wireless Earbuds,Electronics,South,Hyderabad,1,5432.0,0.0
ORD10629,2024-01-20,CUS0121,Smartwatch,Electronics,South,Bengaluru,5,22856.0,0.2
ORD10630,2024-01-22,CUS0718,Office Chair,Home,South,Chennai,1,3391.0,0.0
ORD10631,2024-01-10,CUS0163,Desk Lamp,Home,South,Bengaluru,4,27204.2,0.05
ORD10632,2024-01-04,GST1063,Denim Jacket,Apparel,East,Kolkata,1,3982.0,0.0
ORD10633,2024-01-16,CUS0528,Smartwatch,Electronics,South,Vijayawada,4,7710.2,0.05
ORD10634,2024-01-20,CUS0113,Stainless Bottle,Home,West,Mumbai,3,3864.0,0.0
ORD10635,2024-01-24,CUS0580,Cotton Kurta,Apparel,South,Hyderabad,5,37510.0,0.0
ORD10636,2024-01-01,CUS0158,Smartwatch,Electronics,West,Mumbai,7,40651.45,0.05
ORD10637,2024-01-01,CUS0480,Wireless Earbuds,Electronics,South,Hyderabad,4,14799.6,0.1
ORD10638,2024-01-12,CUS0768,Cotton Kurta,Apparel,South,Chennai,5,10275.0,0.0
ORD10639,2024-01-18,CUS0763,Silk Saree,Apparel,East,Kolkata,5,5396.0,0.05
ORD10640,2024-01-01,CUS0697,Desk Lamp,Home,West,Pune,7,11165.0,0.0
ORD10641,2024-01-06,CUS0396,Silk Saree,Apparel,North,Delhi,2,2420.0,0.0
ORD10642,2024-01-13,CUS0448,Smartwatch,Electronics,East,Kolkata,2,9328.0,0.0
ORD10643,2024-01-09,CUS0241,Office Chair,Home,South,Vijayawada,3,5591.7,0.05
ORD10644,2024-01-23,CUS0737,Notebook Set,Accessories,West,Pune,6,7511.4,0.1
ORD10645,2024-01-02,CUS0382,Silk Saree,Apparel,East,Kolkata,7,17649.1,0.05
ORD10646,2024-01-28,CUS0618,Desk Lamp,Home,South,Visakhapatnam,2,10890.0,0.1
ORD10647,2024-01-06,CUS0288,Silk Saree,Apparel,West,Mumbai,1,4175.25,0.05
ORD10648,2024-01-14,CUS0593,Desk Lamp,Home,South,Visakhapatnam,5,7209.0,0.1
ORD10649,2024-01-31,CUS0180,Desk Lamp,Home,South,Chennai,5,25808.0,0.2
ORD10650,2024-01-21,GST1065,Leather Wallet,Accessories,West,Pune,3,13017.0,0.0
ORD10651,2024-01-31,CUS0037,Desk Lamp,Home,North,Delhi,2,3742.0,0.0
ORD10652,2024-01-01,GST1065,Coffee Beans,Grocery,South,Chennai,6,35898.0,0.0
ORD10653,2024-01-23,CUS0282,Silk Saree,Apparel,South,Chennai,6,48108.0,0.05
ORD10654,2024-01-03,CUS0386,Cotton Kurta,Apparel,South,Vijayawada,6,27086.4,0.05
ORD10655,2024-01-19,CUS0570,Cotton Kurta,Apparel,West,Mumbai,5,8330.0,0.0
ORD10656,2024-01-11,CUS0288,Smartwatch,Electronics,West,Mumbai,2,4882.4,0.15
ORD10657,2024-01-25,CUS0015,Denim Jacket,Apparel,West,Pune,3,12561.6,0.2
ORD10658,2024-01-04,CUS0261,Silk Saree,Apparel,North,Delhi,1,8495.0,0.0
ORD10659,2024-01-28,CUS0352,Denim Jacket,Apparel,South,Hyderabad,2,15840.0,0.0
ORD10660,2024-01-15,CUS0435,Coffee Beans,Grocery,South,Bengaluru,4,31820.0,0.0
ORD10661,2024-01-17,CUS0516,Leather Wallet,Accessories,South,Hyderabad,4,28536.0,0.0
ORD10662,2024-01-18,CUS0199,Cotton Kurta,Apparel,South,Bengaluru,1,4278.9,0.15
ORD10663,2024-01-02,CUS0489,Notebook Set,Accessories,West,Pune,7,37439.5,0.05
ORD10664,2024-01-10,CUS0506,Denim Jacket,Apparel,South,Chennai,2,12662.0,0.0
ORD10665,2024-01-22,CUS0622,Smartwatch,Electronics,South,Chennai,4,23487.8,0.05
ORD10666,2024-01-30,CUS0418,Wireless Earbuds,Electronics,South,Vijayawada,4,22220.0,0.0
ORD10667,2024-01-31,CUS0649,Smartwatch,Electronics,East,Kolkata,4,5772.0,0.0
ORD10668,2024-01-17,CUS0178,Leather Wallet,Accessories,South,Vijayawada,6,45120.0,0.0
ORD10669,2024-01-08,CUS0570,Yoga Mat,Accessories,West,Mumbai,6,2439.6,0.05
ORD10670,2024-01-15,CUS0037,Stainless Bottle,Home,North,Delhi,7,25409.65,0.05
ORD10671,2024-01-15,GST1067,Stainless Bottle,Home,West,Mumbai,3,9914.4,0.15
ORD10672,2024-01-13,CUS0692,Yoga Mat,Accessories,North,Delhi,2,16934.0,0.0
ORD10673,2024-01-12,CUS0381,Denim Jacket,Apparel,South,Hyderabad,3,2913.3,0.1
ORD10674,2024-01-27,CUS0497,Smartwatch,Electronics,South,Vijayawada,4,16908.0,0.0
ORD10675,2024-01-13,CUS0483,Silk Saree,Apparel,South,Visakhapatnam,3,9795.0,0.0
ORD10676,2024-01-01,GST1067,Yoga Mat,Accessories,South,Chennai,4,3896.4,0.15
ORD10677,2024-01-23,CUS0197,Desk Lamp,Home,South,Bengaluru,2,4128.7,0.05
ORD10678,2024-01-21,CUS0143,Stainless Bottle,Home,South,Visakhapatnam,5,18945.0,0.0
ORD10679,2024-01-12,CUS0035,Office Chair,Home,North,Delhi,5,37135.5,0.05
ORD10680,2024-01-20,CUS0692,Wireless Earbuds,Electronics,North,Delhi,4,12646.8,0.1
ORD10681,2024-01-30,CUS0179,Silk Saree,Apparel,East,Kolkata,7,44755.9,0.15
ORD10682,2024-01-29,CUS0461,Coffee Beans,Grocery,West,Pune,7,42094.5,0.05
ORD10683,2024-01-25,CUS0364,Wireless Earbuds,Electronics,East,Kolkata,7,49168.0,0.0
ORD10684,2024-01-19,CUS0130,Silk Saree,Apparel,West,Mumbai,1,6941.65,0.05
ORD10685,2024-01-01,CUS0332,Wireless Earbuds,Electronics,South,Bengaluru,7,43176.0,0.0
ORD10686,2024-01-16,CUS0067,Notebook Set,Accessories,East,Kolkata,3,18981.0,0.0
ORD10687,2024-01-26,CUS0142,Wireless Earbuds,Electronics,South,Vijayawada,4,6099.0,0.05
ORD10688,2024-01-27,CUS0112,Coffee Beans,Grocery,North,Delhi,3,16721.1,0.1
ORD10689,2024-01-24,CUS0660,Desk Lamp,Home,South,Visakhapatnam,2,1488.0,0.0
ORD10690,2024-01-31,CUS0454,Notebook Set,Accessories,South,Hyderabad,7,40061.7,0.1
ORD10691,2024-01-17,CUS0741,Stainless Bottle,Home,North,Delhi,5,25555.5,0.1
ORD10692,2024-01-04,CUS0349,Cotton Kurta,Apparel,South,Vijayawada,7,41069.7,0.1
ORD10693,2024-01-16,GST1069,Office Chair,Home,West,Mumbai,7,39088.0,0.0
ORD10694,2024-01-10,CUS0487,Desk Lamp,Home,South,Bengaluru,3,10062.0,0.0
ORD10695,2024-01-26,CUS0744,Denim Jacket,Apparel,South,Visakhapatnam,6,20160.0,0.0
ORD10696,2024-01-25,GST1069,Office Chair,Home,West,Pune,4,20832.0,0.0
ORD10697,2024-01-14,CUS0015,Silk Saree,Apparel,West,Pune,4,16808.0,0.0
ORD10698,2024-01-13,CUS0243,Yoga Mat,Accessories,South,Hyderabad,6,18750.0,0.0
ORD10699,2024-01-05,CUS0740,Leather Wallet,Accessories,East,Kolkata,5,21680.0,0.0
ORD10700,2024-01-02,GST1070,Silk Saree,Apparel,South,Hyderabad,7,33061.0,0.0
ORD10701,2024-01-10,CUS0762,Desk Lamp,Home,South,Chennai,6,11755.5,0.15
ORD10702,2024-01-08,CUS0408,Stainless Bottle,Home,South,Vijayawada,5,24979.5,0.1
ORD10703,2024-01-09,CUS0010,Cotton Kurta,Apparel,South,Hyderabad,7,20370.0,0.0
ORD10704,2024-01-31,CUS0699,Smartwatch,Electronics,South,Hyderabad,1,2152.2,0.15
ORD10705,2024-01-22,CUS0611,Wireless Earbuds,Electronics,North,Delhi,6,22554.0,0.0
ORD10706,2024-01-18,CUS0573,Cotton Kurta,Apparel,South,Visakhapatnam,3,3573.0,0.0
ORD10707,2024-01-06,CUS0777,Leather Wallet,Accessories,South,Bengaluru,4,18954.0,0.1
ORD10708,2024-01-27,CUS0157,Desk Lamp,Home,South,Vijayawada,6,37962.0,0.0
ORD10709,2024-01-20,CUS0725,Leather Wallet,Accessories,North,Delhi,2,16278.0,0.0
ORD10710,2024-01-16,CUS0187,Stainless Bottle,Home,South,Vijayawada,7,18627.0,0.0
ORD10711,2024-01-15,CUS0777,Notebook Set,Accessories,South,Bengaluru,4,18004.4,0.05
ORD10712,2024-01-18,CUS0154,Coffee Beans,Grocery,South,Visakhapatnam,3,12691.05,0.05
ORD10713,2024-01-27,GST1071,Stainless Bottle,Home,South,Vijayawada,3,18924.0,0.0
ORD10714,2024-01-23,CUS0632,Smartwatch,Electronics,South,Visakhapatnam,3,16326.0,0.0
ORD10715,2024-01-16,CUS0063,Desk Lamp,Home,South,Bengaluru,7,48489.0,0.0
ORD10716,2024-01-21,CUS0054,Leather Wallet,Accessories,South,Chennai,1,6917.9,0.05
ORD10717,2024-01-29,CUS0680,Desk Lamp,Home,East,Kolkata,4,5100.0,0.0
ORD10718,2024-01-11,GST1071,Office Chair,Home,South,Hyderabad,6,16539.3,0.15
ORD10719,2024-01-28,CUS0492,Denim Jacket,Apparel,North,Delhi,4,20419.2,0.1
ORD10720,2024-01-19,CUS0751,Coffee Beans,Grocery,East,Kolkata,4,19124.0,0.0
ORD10721,2024-01-06,CUS0492,Stainless Bottle,Home,North,Delhi,3,11553.3,0.1
ORD10722,2024-01-30,CUS0385,Wireless Earbuds,Electronics,South,Hyderabad,1,1761.0,0.0
ORD10723,2024-01-22,CUS0334,Stainless Bottle,Home,North,Delhi,5,25075.0,0.0
ORD10724,2024-01-12,CUS0511,Smartwatch,Electronics,East,Kolkata,7,44695.0,0.0
ORD10725,2024-01-07,CUS0458,Silk Saree,Apparel,West,Mumbai,4,2519.4,0.05
ORD10726,2024-01-29,CUS0402,Notebook Set,Accessories,West,Pune,4,18615.6,0.1
ORD10727,2024-01-26,CUS0123,Notebook Set,Accessories,West,Mumbai,1,6188.0,0.2
ORD10728,2024-01-02,CUS0531,Notebook Set,Accessories,West,Mumbai,7,35175.0,0.0
ORD10729,2024-01-20,CUS0592,Smartwatch,Electronics,East,Kolkata,7,56805.0,0.0
ORD10730,2024-01-04,CUS0568,Wireless Earbuds,Electronics,South,Visakhapatnam,7,21432.95,0.05
ORD10731,2024-01-10,CUS0061,Cotton Kurta,Apparel,East,Kolkata,3,1134.0,0.0
ORD10732,2024-01-18,CUS0563,Yoga Mat,Accessories,South,Chennai,5,29540.0,0.0
ORD10733,2024-01-08,CUS0584,Wireless Earbuds,Electronics,South,Hyderabad,4,6668.8,0.2
ORD10734,2024-01-16,GST1073,Notebook Set,Accessories,North,Delhi,2,770.4,0.1
ORD10735,2024-01-14,CUS0680,Notebook Set,Accessories,East,Kolkata,2,2908.8,0.2
ORD10736,2024-01-19,CUS0420,Silk Saree,Apparel,South,Chennai,3,23886.0,0.0
ORD10737,2024-01-25,CUS0378,Coffee Beans,Grocery,West,Pune,4,26868.0,0.0
ORD10738,2024-01-05,GST1073,Silk Saree,Apparel,West,Pune,1,2591.0,0.0
ORD10739,2024-01-25,CUS0408,Desk Lamp,Home,South,Vijayawada,5,22202.0,0.15
ORD10740,2024-01-07,CUS0436,Desk Lamp,Home,South,Vijayawada,4,12460.0,0.0
ORD10741,2024-01-02,CUS0250,Coffee Beans,Grocery,South,Hyderabad,7,12565.0,0.0
ORD10742,2024-01-14,GST1074,Stainless Bottle,Home,South,Hyderabad,2,16810.0,0.0
ORD10743,2024-01-10,CUS0776,Notebook Set,Accessories,East,Kolkata,1,6284.7,0.1
ORD10744,2024-01-06,CUS0105,Stainless Bottle,Home,North,Delhi,3,8942.4,0.1
ORD10745,2024-01-14,CUS0587,Leather Wallet,Accessories,West,Pune,7,21479.5,0.05
ORD10746,2024-01-27,CUS0019,Notebook Set,Accessories,North,Delhi,3,20991.0,0.0
ORD10747,2024-01-19,CUS0296,Notebook Set,Accessories,South,Chennai,5,18472.5,0.1
ORD10748,2024-01-23,CUS0776,Smartwatch,Electronics,East,Kolkata,6,20532.0,0.0
ORD10749,2024-01-05,CUS0140,Smartwatch,Electronics,South,Bengaluru,2,7012.0,0.0
ORD10750,2024-01-03,CUS0302,Coffee Beans,Grocery,North,Delhi,5,19955.0,0.0
ORD10751,2024-01-11,CUS0176,Leather Wallet,Accessories,South,Chennai,2,8738.1,0.05
ORD10752,2024-01-25,GST1075,Coffee Beans,Grocery,South,Hyderabad,3,2028.0,0.0
ORD10753,2024-01-28,GST1075,Office Chair,Home,South,Visakhapatnam,3,10231.2,0.2
ORD10754,2024-01-04,CUS0475,Coffee Beans,Grocery,West,Mumbai,5,18691.25,0.05
ORD10755,2024-01-15,CUS0755,Yoga Mat,Accessories,South,Chennai,7,18109.0,0.0
ORD10756,2024-01-13,CUS0417,Yoga Mat,Accessories,East,Kolkata,2,6167.4,0.05
ORD10757,2024-01-24,CUS0588,Denim Jacket,Apparel,South,Hyderabad,3,10858.5,0.05
ORD10758,2024-01-07,GST1075,Office Chair,Home,South,Visakhapatnam,6,19998.0,0.0
ORD10759,2024-01-16,CUS0173,Yoga Mat,Accessories,West,Pune,4,29457.6,0.05
ORD10760,2024-01-27,CUS0758,Leather Wallet,Accessories,South,Bengaluru,4,18628.0,0.0
ORD10761,2024-01-15,CUS0688,Coffee Beans,Grocery,West,Mumbai,5,22240.0,0.0
ORD10762,2024-01-25,GST1076,Wireless Earbuds,Electronics,South,Chennai,1,2242.8,0.1
ORD10763,2024-01-20,CUS0303,Wireless Earbuds,Electronics,South,Hyderabad,7,51989.7,0.05
ORD10764,2024-01-19,CUS0160,Coffee Beans,Grocery,North,Delhi,3,1614.0,0.0
ORD10765,2024-01-09,CUS0682,Coffee Beans,Grocery,South,Vijayawada,5,24165.0,0.0
ORD10766,2024-01-31,CUS0629,Denim Jacket,Apparel,South,Chennai,4,6555.0,0.05
ORD10767,2024-01-08,CUS0194,Smartwatch,Electronics,South,Bengaluru,6,39690.0,0.0
ORD10768,2024-01-29,CUS0472,Coffee Beans,Grocery,North,Delhi,5,14586.0,0.15
ORD10769,2024-01-31,CUS0495,Denim Jacket,Apparel,South,Visakhapatnam,2,5209.8,0.05
ORD10770,2024-01-16,CUS0382,Leather Wallet,Accessories,East,Kolkata,2,1397.4,0.15
ORD10771,2024-01-27,CUS0742,Silk Saree,Apparel,West,Pune,7,47537.0,0.0
ORD10772,2024-01-23,CUS0100,Denim Jacket,Apparel,South,Vijayawada,4,12891.6,0.1
ORD10773,2024-01-23,CUS0207,Leather Wallet,Accessories,West,Pune,2,5008.0,0.0
ORD10774,2024-01-03,CUS0077,Stainless Bottle,Home,South,Visakhapatnam,2,14462.0,0.0
ORD10775,2024-01-05,CUS0555,Office Chair,Home,East,Kolkata,1,509.0,0.0
ORD10776,2024-01-03,CUS0516,Notebook Set,Accessories,South,Hyderabad,7,29197.0,0.0
ORD10777,2024-01-01,CUS0790,Wireless Earbuds,Electronics,South,Hyderabad,7,9871.05,0.15
ORD10778,2024-01-26,CUS0434,Office Chair,Home,South,Vijayawada,3,3736.8,0.1
ORD10779,2024-01-06,CUS0121,Stainless Bottle,Home,South,Bengaluru,2,999.4,0.05
ORD10780,2024-01-01,CUS0361,Yoga Mat,Accessories,North,Delhi,3,5340.9,0.05
ORD10781,2024-01-30,CUS0071,Wireless Earbuds,Electronics,North,Delhi,1,7664.6,0.05
ORD10782,2024-01-09,CUS0537,Stainless Bottle,Home,South,Chennai,4,15124.0,0.05
ORD10783,2024-01-26,CUS0540,Desk Lamp,Home,South,Hyderabad,5,38245.5,0.1
ORD10784,2024-01-30,CUS0687,Office Chair,Home,South,Bengaluru,7,16811.2,0.05
ORD10785,2024-01-17,CUS0272,Notebook Set,Accessories,South,Hyderabad,3,17717.4,0.1
ORD10786,2024-01-29,CUS0249,Smartwatch,Electronics,North,Delhi,2,2160.0,0.0
ORD10787,2024-01-31,CUS0057,Yoga Mat,Accessories,South,Chennai,1,984.8,0.2
ORD10788,2024-01-05,CUS0333,Coffee Beans,Grocery,South,Visakhapatnam,3,1449.0,0.0
ORD10789,2024-01-05,CUS0381,Leather Wallet,Accessories,South,Hyderabad,5,38380.0,0.0
ORD10790,2024-01-12,CUS0604,Coffee Beans,Grocery,South,Vijayawada,1,4949.55,0.15
ORD10791,2024-01-18,GST1079,Stainless Bottle,Home,South,Chennai,6,38466.0,0.0
ORD10792,2024-01-25,CUS0113,Wireless Earbuds,Electronics,West,Mumbai,4,31628.0,0.0
ORD10793,2024-01-06,CUS0229,Coffee Beans,Grocery,South,Chennai,6,18342.0,0.0
ORD10794,2024-01-06,CUS0410,Stainless Bottle,Home,South,Hyderabad,4,24952.0,0.0
ORD10795,2024-01-10,CUS0269,Denim Jacket,Apparel,West,Mumbai,2,7553.1,0.15
ORD10796,2024-01-09,CUS0021,Wireless Earbuds,Electronics,South,Chennai,1,4294.8,0.1
ORD10797,2024-01-30,CUS0677,Wireless Earbuds,Electronics,West,Mumbai,4,21823.4,0.05
ORD10798,2024-01-13,CUS0586,Notebook Set,Accessories,East,Kolkata,4,13376.0,0.2
ORD10799,2024-01-27,CUS0417,Silk Saree,Apparel,East,Kolkata,6,3112.2,0.05
ORD10800,2024-01-02,CUS0254,Yoga Mat,Accessories,South,Visakhapatnam,7,5717.95,0.15
ORD10801,2024-01-04,CUS0675,Office Chair,Home,West,Mumbai,2,8874.0,0.0
ORD10802,2024-01-25,GST1080,Cotton Kurta,Apparel,South,Bengaluru,3,14232.9,0.05
ORD10803,2024-01-08,CUS0358,Stainless Bottle,Home,East,Kolkata,2,12638.0,0.0
ORD10804,2024-01-03,CUS0641,Leather Wallet,Accessories,West,Pune,1,5013.0,0.0
ORD10805,2024-01-19,CUS0763,Yoga Mat,Accessories,East,Kolkata,1,1695.6,0.1
ORD10806,2024-01-05,CUS0202,Office Chair,Home,East,Kolkata,1,3339.0,0.0
ORD10807,2024-01-02,CUS0521,Smartwatch,Electronics,South,Bengaluru,4,15070.8,0.05
ORD10808,2024-01-13,CUS0152,Silk Saree,Apparel,South,Visakhapatnam,2,15901.1,0.05
ORD10809,2024-01-18,CUS0093,Cotton Kurta,Apparel,North,Delhi,2,9380.0,0.0
ORD10810,2024-01-17,CUS0283,Smartwatch,Electronics,West,Pune,1,5525.0,0.0
ORD10811,2024-01-19,CUS0709,Stainless Bottle,Home,South,Chennai,6,36160.8,0.05
ORD10812,2024-01-01,CUS0552,Cotton Kurta,Apparel,South,Bengaluru,5,14033.5,0.15
ORD10813,2024-01-10,CUS0392,Coffee Beans,Grocery,South,Vijayawada,7,57470.0,0.0
ORD10814,2024-01-11,CUS0227,Stainless Bottle,Home,North,Delhi,1,4680.0,0.2
ORD10815,2024-01-10,CUS0114,Wireless Earbuds,Electronics,South,Chennai,2,13073.4,0.1
ORD10816,2024-01-18,CUS0217,Coffee Beans,Grocery,South,Hyderabad,4,24532.8,0.05
ORD10817,2024-01-08,CUS0123,Denim Jacket,Apparel,West,Mumbai,5,27075.0,0.0
ORD10818,2024-01-20,CUS0150,Coffee Beans,Grocery,South,Hyderabad,1,540.9,0.1
ORD10819,2024-01-30,CUS0551,Wireless Earbuds,Electronics,North,Delhi,2,9190.8,0.1
ORD10820,2024-01-21,CUS0107,Smartwatch,Electronics,North,Delhi,3,4215.0,0.0
ORD10821,2024-01-13,CUS0038,Desk Lamp,Home,North,Delhi,1,4212.0,0.2
ORD10822,2024-01-14,CUS0434,Coffee Beans,Grocery,South,Vijayawada,3,15468.3,0.15
ORD10823,2024-01-19,CUS0230,Wireless Earbuds,Electronics,South,Vijayawada,6,27320.1,0.05
ORD10824,2024-01-23,CUS0364,Coffee Beans,Grocery,East,Kolkata,4,10306.8,0.1
ORD10825,2024-01-10,CUS0112,Smartwatch,Electronics,North,Delhi,4,3165.4,0.05
ORD10826,2024-01-02,CUS0168,Wireless Earbuds,Electronics,South,Vijayawada,4,20948.4,0.1
ORD10827,2024-01-22,CUS0353,Stainless Bottle,Home,South,Visakhapatnam,7,38058.3,0.1
ORD10828,2024-01-21,CUS0553,Yoga Mat,Accessories,North,Delhi,4,16980.0,0.0
ORD10829,2024-01-04,CUS0332,Smartwatch,Electronics,South,Bengaluru,4,24752.0,0.0
ORD10830,2024-01-20,GST1083,Silk Saree,Apparel,South,Vijayawada,7,46893.0,0.0
ORD10831,2024-01-03,GST1083,Smartwatch,Electronics,West,Mumbai,2,7694.2,0.15
ORD10832,2024-01-20,CUS0216,Office Chair,Home,South,Visakhapatnam,1,738.0,0.0
ORD10833,2024-01-24,CUS0224,Cotton Kurta,Apparel,South,Vijayawada,4,25306.2,0.15
ORD10834,2024-01-01,CUS0341,Cotton Kurta,Apparel,West,Mumbai,3,11836.05,0.05
ORD10835,2024-01-23,CUS0026,Coffee Beans,Grocery,West,Mumbai,2,11660.0,0.0
ORD10836,2024-01-04,CUS0549,Cotton Kurta,Apparel,South,Chennai,1,6607.05,0.15
ORD10837,2024-01-09,CUS0492,Smartwatch,Electronics,North,Delhi,7,21978.25,0.05
ORD10838,2024-01-22,CUS0245,Leather Wallet,Accessories,West,Mumbai,5,27095.0,0.0
ORD10839,2024-01-12,CUS0299,Wireless Earbuds,Electronics,South,Visakhapatnam,5,2550.0,0.0
ORD10840,2024-01-31,CUS0263,Desk Lamp,Home,South,Visakhapatnam,1,7563.0,0.0
ORD10841,2024-01-30,CUS0522,Silk Saree,Apparel,South,Vijayawada,3,2496.0,0.0
ORD10842,2024-01-31,CUS0608,Leather Wallet,Accessories,South,Chennai,5,23800.0,0.0
ORD10843,2024-01-04,CUS0087,Stainless Bottle,Home,South,Hyderabad,4,12224.6,0.05
ORD10844,2024-01-06,CUS0331,Notebook Set,Accessories,South,Chennai,5,3205.0,0.0
ORD10845,2024-01-06,CUS0012,Notebook Set,Accessories,East,Kolkata,5,20580.0,0.0
ORD10846,2024-01-19,CUS0362,Smartwatch,Electronics,East,Kolkata,3,23925.0,0.0
ORD10847,2024-01-14,CUS0199,Cotton Kurta,Apparel,South,Bengaluru,6,10254.0,0.0
ORD10848,2024-01-24,CUS0269,Smartwatch,Electronics,West,Mumbai,2,4371.2,0.2
ORD10849,2024-01-09,CUS0366,Silk Saree,Apparel,South,Chennai,1,1893.0,0.0
ORD10850,2024-01-07,CUS0259,Office Chair,Home,South,Vijayawada,7,9576.0,0.0
ORD10851,2024-01-21,CUS0316,Silk Saree,Apparel,West,Mumbai,1,2114.7,0.05
ORD10852,2024-01-20,CUS0612,Coffee Beans,Grocery,South,Chennai,2,8517.0,0.15
ORD10853,2024-01-22,CUS0649,Stainless Bottle,Home,East,Kolkata,1,6039.9,0.1
ORD10854,2024-01-10,CUS0005,Wireless Earbuds,Electronics,South,Bengaluru,2,10756.8,0.1
ORD10855,2024-01-17,CUS0303,Coffee Beans,Grocery,South,Hyderabad,3,16919.25,0.15
ORD10856,2024-01-29,CUS0678,Leather Wallet,Accessories,South,Hyderabad,1,5872.9,0.05
ORD10857,2024-01-19,CUS0425,Desk Lamp,Home,South,Bengaluru,4,11104.0,0.2
ORD10858,2024-01-29,CUS0165,Silk Saree,Apparel,South,Bengaluru,7,53802.0,0.0
ORD10859,2024-01-14,CUS0475,Smartwatch,Electronics,West,Mumbai,1,1578.6,0.1
ORD10860,2024-01-02,CUS0116,Stainless Bottle,Home,West,Mumbai,7,36015.35,0.15
ORD10861,2024-01-24,CUS0018,Leather Wallet,Accessories,South,Vijayawada,3,3195.15,0.15
ORD10862,2024-01-15,CUS0506,Wireless Earbuds,Electronics,South,Chennai,5,31297.75,0.05
ORD10863,2024-01-02,CUS0413,Yoga Mat,Accessories,South,Visakhapatnam,4,3816.0,0.1
ORD10864,2024-01-05,CUS0606,Wireless Earbuds,Electronics,South,Chennai,3,6333.0,0.0
ORD10865,2024-01-10,CUS0276,Denim Jacket,Apparel,South,Chennai,1,3361.1,0.05
ORD10866,2024-01-06,CUS0684,Desk Lamp,Home,East,Kolkata,5,30045.0,0.0
ORD10867,2024-01-22,CUS0338,Silk Saree,Apparel,South,Visakhapatnam,7,4794.65,0.05
ORD10868,2024-01-19,CUS0591,Smartwatch,Electronics,North,Delhi,4,9298.6,0.05
ORD10869,2024-01-11,CUS0081,Smartwatch,Electronics,East,Kolkata,5,15345.0,0.0
ORD10870,2024-01-03,CUS0078,Wireless Earbuds,Electronics,South,Visakhapatnam,5,31535.0,0.0
ORD10871,2024-01-03,CUS0627,Leather Wallet,Accessories,South,Bengaluru,3,24558.0,0.0
ORD10872,2024-01-30,CUS0668,Wireless Earbuds,Electronics,North,Delhi,1,5087.25,0.05
ORD10873,2024-01-11,CUS0754,Yoga Mat,Accessories,East,Kolkata,4,17046.8,0.05
ORD10874,2024-01-04,CUS0260,Yoga Mat,Accessories,West,Mumbai,7,19467.0,0.1
ORD10875,2024-01-23,CUS0018,Stainless Bottle,Home,South,Vijayawada,3,21162.0,0.0
ORD10876,2024-01-27,CUS0784,Wireless Earbuds,Electronics,South,Vijayawada,7,7711.2,0.1
ORD10877,2024-01-04,CUS0482,Leather Wallet,Accessories,North,Delhi,6,7997.1,0.05
ORD10878,2024-01-30,CUS0198,Denim Jacket,Apparel,South,Vijayawada,2,3978.0,0.0
ORD10879,2024-01-23,GST1087,Wireless Earbuds,Electronics,North,Delhi,5,12670.0,0.0
ORD10880,2024-01-08,CUS0724,Notebook Set,Accessories,South,Vijayawada,6,23438.4,0.05
ORD10881,2024-01-25,CUS0228,Smartwatch,Electronics,West,Mumbai,4,32256.0,0.0
ORD10882,2024-01-14,CUS0616,Yoga Mat,Accessories,West,Mumbai,5,28250.0,0.0
ORD10883,2024-01-20,CUS0631,Cotton Kurta,Apparel,West,Pune,7,24325.0,0.0
ORD10884,2024-01-04,CUS0402,Stainless Bottle,Home,West,Pune,5,10365.0,0.0
ORD10885,2024-01-08,CUS0506,Notebook Set,Accessories,South,Chennai,6,33804.0,0.0
ORD10886,2024-01-24,CUS0216,Yoga Mat,Accessories,South,Visakhapatnam,6,14478.0,0.0
ORD10887,2024-01-25,CUS0744,Office Chair,Home,South,Visakhapatnam,6,44847.0,0.1
ORD10888,2024-01-01,CUS0787,Notebook Set,Accessories,South,Hyderabad,6,24185.1,0.05
ORD10889,2024-01-07,CUS0785,Wireless Earbuds,Electronics,South,Chennai,2,9676.0,0.0
ORD10890,2024-01-19,CUS0590,Smartwatch,Electronics,North,Delhi,1,7327.35,0.05
ORD10891,2024-01-29,CUS0034,Cotton Kurta,Apparel,South,Chennai,2,5392.2,0.05
ORD10892,2024-01-21,CUS0294,Yoga Mat,Accessories,South,Visakhapatnam,2,8390.0,0.0
ORD10893,2024-01-22,CUS0356,Yoga Mat,Accessories,East,Kolkata,5,23425.0,0.0
ORD10894,2024-01-13,GST1089,Leather Wallet,Accessories,West,Mumbai,4,10236.0,0.0
ORD10895,2024-01-02,CUS0438,Yoga Mat,Accessories,East,Kolkata,4,3021.0,0.05
ORD10896,2024-01-24,CUS0429,Silk Saree,Apparel,South,Hyderabad,1,2528.9,0.05
ORD10897,2024-01-25,CUS0118,Stainless Bottle,Home,South,Vijayawada,5,6325.0,0.0
ORD10898,2024-01-14,CUS0635,Leather Wallet,Accessories,South,Vijayawada,3,16689.6,0.05
ORD10899,2024-01-16,CUS0270,Denim Jacket,Apparel,West,Mumbai,6,1958.4,0.2
ORD10900,2024-01-08,CUS0074,Desk Lamp,Home,South,Vijayawada,1,2929.0,0.0
ORD10901,2024-01-15,CUS0791,Notebook Set,Accessories,South,Hyderabad,3,21534.6,0.05
ORD10902,2024-01-08,CUS0153,Smartwatch,Electronics,East,Kolkata,1,4734.8,0.05
ORD10903,2024-01-14,CUS0013,Leather Wallet,Accessories,West,Pune,2,10476.0,0.1
ORD10904,2024-01-05,CUS0063,Office Chair,Home,South,Bengaluru,7,36527.4,0.1
ORD10905,2024-01-19,GST1090,Stainless Bottle,Home,North,Delhi,4,10011.6,0.1
ORD10906,2024-01-08,CUS0083,Stainless Bottle,Home,South,Vijayawada,4,22012.0,0.0
ORD10907,2024-01-23,CUS0675,Stainless Bottle,Home,West,Mumbai,2,4304.0,0.0
ORD10908,2024-01-17,CUS0410,Leather Wallet,Accessories,South,Hyderabad,2,9952.2,0.1
ORD10909,2024-01-28,CUS0260,Notebook Set,Accessories,West,Mumbai,5,29585.0,0.0
ORD10910,2024-01-07,CUS0003,Wireless Earbuds,Electronics,West,Mumbai,7,41944.0,0.2
ORD10911,2024-01-09,CUS0384,Coffee Beans,Grocery,South,Visakhapatnam,6,47064.0,0.0
ORD10912,2024-01-08,CUS0122,Stainless Bottle,Home,West,Pune,6,3106.5,0.05
ORD10913,2024-01-20,CUS0783,Stainless Bottle,Home,South,Vijayawada,4,10590.6,0.05
ORD10914,2024-01-04,CUS0233,Wireless Earbuds,Electronics,South,Hyderabad,1,4808.0,0.0
ORD10915,2024-01-22,CUS0380,Desk Lamp,Home,South,Visakhapatnam,6,16038.0,0.1
ORD10916,2024-01-26,CUS0015,Stainless Bottle,Home,West,Pune,6,32346.0,0.0
ORD10917,2024-01-21,CUS0105,Smartwatch,Electronics,North,Delhi,4,27785.6,0.05
ORD10918,2024-01-05,CUS0166,Wireless Earbuds,Electronics,North,Delhi,1,2329.4,0.05
ORD10919,2024-01-16,CUS0042,Leather Wallet,Accessories,West,Pune,5,32431.75,0.15
ORD10920,2024-01-17,CUS0581,Smartwatch,Electronics,South,Hyderabad,7,50127.7,0.05
ORD10921,2024-01-13,CUS0757,Stainless Bottle,Home,West,Pune,2,12478.4,0.2
ORD10922,2024-01-15,CUS0789,Cotton Kurta,Apparel,South,Chennai,2,1613.3,0.15
ORD10923,2024-01-24,CUS0213,Cotton Kurta,Apparel,North,Delhi,6,16434.0,0.0
ORD10924,2024-01-26,CUS0631,Notebook Set,Accessories,West,Pune,3,3470.55,0.15
ORD10925,2024-01-10,CUS0404,Silk Saree,Apparel,East,Kolkata,6,6384.0,0.2
ORD10926,2024-01-11,CUS0037,Leather Wallet,Accessories,North,Delhi,5,3915.0,0.0
ORD10927,2024-01-07,CUS0073,Notebook Set,Accessories,South,Chennai,2,7476.5,0.05
ORD10928,2024-01-13,CUS0439,Desk Lamp,Home,South,Hyderabad,1,1060.0,0.0
ORD10929,2024-01-17,CUS0339,Notebook Set,Accessories,South,Vijayawada,4,10488.0,0.05
ORD10930,2024-01-23,CUS0007,Desk Lamp,Home,South,Hyderabad,3,25044.0,0.0
ORD10931,2024-01-09,CUS0745,Coffee Beans,Grocery,North,Delhi,6,40786.2,0.1
ORD10932,2024-01-07,CUS0585,Denim Jacket,Apparel,South,Bengaluru,3,23961.0,0.0
ORD10933,2024-01-02,CUS0402,Desk Lamp,Home,West,Pune,2,1231.2,0.05
ORD10934,2024-01-03,CUS0790,Smartwatch,Electronics,South,Hyderabad,7,40152.0,0.0
ORD10935,2024-01-02,GST1093,Leather Wallet,Accessories,East,Kolkata,6,31441.2,0.05
ORD10936,2024-01-07,CUS0780,Cotton Kurta,Apparel,North,Delhi,5,6802.0,0.05
ORD10937,2024-01-22,CUS0208,Leather Wallet,Accessories,East,Kolkata,7,51437.75,0.05
ORD10938,2024-01-25,CUS0705,Cotton Kurta,Apparel,South,Vijayawada,6,21870.0,0.0
ORD10939,2024-01-31,CUS0404,Wireless Earbuds,Electronics,East,Kolkata,7,58163.0,0.0
ORD10940,2024-01-17,CUS0581,Stainless Bottle,Home,South,Hyderabad,6,7668.0,0.0
ORD10941,2024-01-15,GST1094,Silk Saree,Apparel,North,Delhi,3,14402.4,0.15
ORD10942,2024-01-28,CUS0131,Desk Lamp,Home,West,Mumbai,1,1415.0,0.0
ORD10943,2024-01-05,CUS0359,Coffee Beans,Grocery,South,Hyderabad,5,38432.25,0.05
ORD10944,2024-01-20,GST1094,Leather Wallet,Accessories,West,Mumbai,6,31806.0,0.0
ORD10945,2024-01-26,CUS0224,Cotton Kurta,Apparel,South,Vijayawada,7,6085.8,0.1
ORD10946,2024-01-16,CUS0331,Stainless Bottle,Home,South,Chennai,5,10500.0,0.0
ORD10947,2024-01-09,CUS0685,Stainless Bottle,Home,South,Vijayawada,4,12456.4,0.05
ORD10948,2024-01-20,CUS0691,Cotton Kurta,Apparel,East,Kolkata,5,2270.0,0.0
ORD10949,2024-01-31,CUS0312,Stainless Bottle,Home,West,Pune,1,421.0,0.0
ORD10950,2024-01-08,CUS0264,Office Chair,Home,East,Kolkata,1,7892.0,0.0
ORD10951,2024-01-18,CUS0425,Yoga Mat,Accessories,South,Bengaluru,1,8346.0,0.0
ORD10952,2024-01-02,CUS0730,Wireless Earbuds,Electronics,West,Mumbai,7,31388.0,0.05
ORD10953,2024-01-08,CUS0782,Wireless Earbuds,Electronics,West,Mumbai,6,36993.6,0.2
ORD10954,2024-01-24,CUS0182,Yoga Mat,Accessories,South,Vijayawada,2,10811.0,0.05
ORD10955,2024-01-16,CUS0150,Yoga Mat,Accessories,South,Hyderabad,3,1473.9,0.15
ORD10956,2024-01-07,CUS0566,Silk Saree,Apparel,South,Visakhapatnam,4,23457.4,0.05
ORD10957,2024-01-11,CUS0242,Denim Jacket,Apparel,West,Mumbai,2,994.0,0.0
ORD10958,2024-01-04,CUS0160,Stainless Bottle,Home,North,Delhi,3,21012.0,0.0
ORD10959,2024-01-25,GST1095,Leather Wallet,Accessories,South,Hyderabad,3,10020.0,0.0
ORD10960,2024-01-30,CUS0323,Denim Jacket,Apparel,West,Mumbai,5,7505.0,0.0
ORD10961,2024-01-04,CUS0314,Denim Jacket,Apparel,South,Visakhapatnam,6,12530.7,0.15
ORD10962,2024-01-08,CUS0451,Leather Wallet,Accessories,East,Kolkata,1,5623.05,0.05
ORD10963,2024-01-27,CUS0161,Yoga Mat,Accessories,East,Kolkata,4,27557.6,0.05
ORD10964,2024-01-28,CUS0572,Notebook Set,Accessories,South,Bengaluru,7,33256.65,0.05
ORD10965,2024-01-24,CUS0545,Leather Wallet,Accessories,North,Delhi,7,11599.0,0.0
ORD10966,2024-01-23,CUS0370,Coffee Beans,Grocery,West,Pune,6,43810.2,0.05
ORD10967,2024-01-27,CUS0146,Denim Jacket,Apparel,North,Delhi,6,40758.0,0.0
ORD10968,2024-01-12,CUS0406,Wireless Earbuds,Electronics,South,Chennai,1,3690.0,0.0
ORD10969,2024-01-28,CUS0540,Denim Jacket,Apparel,South,Hyderabad,7,34076.0,0.0
ORD10970,2024-01-28,CUS0299,Cotton Kurta,Apparel,South,Visakhapatnam,6,49236.0,0.0
ORD10971,2024-01-08,CUS0211,Leather Wallet,Accessories,South,Visakhapatnam,7,22776.25,0.05
ORD10972,2024-01-03,CUS0406,Stainless Bottle,Home,South,Chennai,7,3920.0,0.0
ORD10973,2024-01-17,CUS0285,Silk Saree,Apparel,South,Bengaluru,2,3074.0,0.0
ORD10974,2024-01-24,CUS0321,Denim Jacket,Apparel,South,Visakhapatnam,1,4455.7,0.15
ORD10975,2024-01-27,CUS0280,Denim Jacket,Apparel,South,Hyderabad,5,33924.0,0.2
ORD10976,2024-01-05,CUS0243,Smartwatch,Electronics,South,Hyderabad,4,24244.0,0.05
ORD10977,2024-01-12,CUS0574,Desk Lamp,Home,South,Hyderabad,1,5116.7,0.05
ORD10978,2024-01-24,CUS0369,Wireless Earbuds,Electronics,South,Hyderabad,2,5367.6,0.1
ORD10979,2024-01-02,GST1097,Coffee Beans,Grocery,South,Bengaluru,7,27510.0,0.0
ORD10980,2024-01-23,CUS0523,Denim Jacket,Apparel,South,Vijayawada,3,1986.0,0.0
ORD10981,2024-01-10,CUS0290,Office Chair,Home,South,Chennai,2,6748.0,0.0
ORD10982,2024-01-01,CUS0081,Desk Lamp,Home,East,Kolkata,5,27155.0,0.0
ORD10983,2024-01-08,CUS0683,Smartwatch,Electronics,East,Kolkata,5,30924.0,0.2
ORD10984,2024-01-23,CUS0045,Leather Wallet,Accessories,South,Hyderabad,3,21240.9,0.1
ORD10985,2024-01-27,CUS0458,Coffee Beans,Grocery,West,Mumbai,6,33801.6,0.2
ORD10986,2024-01-03,CUS0213,Cotton Kurta,Apparel,North,Delhi,5,2362.5,0.1
ORD10987,2024-01-15,CUS0172,Desk Lamp,Home,South,Hyderabad,2,13225.9,0.05
ORD10988,2024-01-07,CUS0034,Silk Saree,Apparel,South,Chennai,3,5753.7,0.1
ORD10989,2024-01-22,CUS0721,Desk Lamp,Home,South,Vijayawada,6,30620.4,0.05
ORD10990,2024-01-25,GST1099,Stainless Bottle,Home,South,Bengaluru,1,7659.85,0.05
ORD10991,2024-01-30,CUS0275,Smartwatch,Electronics,South,Bengaluru,1,7586.0,0.0
ORD10992,2024-01-12,CUS0593,Wireless Earbuds,Electronics,South,Visakhapatnam,5,27379.0,0.05
ORD10993,2024-01-10,CUS0032,Wireless Earbuds,Electronics,South,Visakhapatnam,4,11156.0,0.0
ORD10994,2024-01-10,CUS0452,Wireless Earbuds,Electronics,East,Kolkata,2,8730.5,0.05
ORD10995,2024-01-24,CUS0396,Wireless Earbuds,Electronics,North,Delhi,4,24340.0,0.0
ORD10996,2024-01-14,CUS0443,Smartwatch,Electronics,South,Vijayawada,2,8626.0,0.05
ORD10997,2024-01-01,GST1099,Yoga Mat,Accessories,West,Pune,3,10938.0,0.0
ORD10998,2024-01-30,GST1099,Silk Saree,Apparel,North,Delhi,2,7266.0,0.0
ORD10999,2024-01-04,CUS0191,Cotton Kurta,Apparel,West,Pune,5,24885.25,0.05
ORD11000,2024-01-29,CUS0543,Office Chair,Home,South,Vijayawada,5,3205.0,0.0
ORD11001,2024-01-06,CUS0598,Yoga Mat,Accessories,North,Delhi,7,47510.4,0.2
ORD11002,2024-01-17,CUS0276,Wireless Earbuds,Electronics,South,Chennai,1,1181.0,0.0
ORD11003,2024-01-10,CUS0105,Denim Jacket,Apparel,North,Delhi,3,25119.0,0.0
ORD11004,2024-01-22,GST1100,Stainless Bottle,Home,West,Mumbai,2,1276.0,0.0
ORD11005,2024-01-13,CUS0646,Smartwatch,Electronics,South,Visakhapatnam,5,20371.5,0.1
ORD11006,2024-01-12,CUS0726,Yoga Mat,Accessories,South,Vijayawada,4,14261.4,0.05
ORD11007,2024-01-15,CUS0750,Silk Saree,Apparel,South,Vijayawada,7,35182.0,0.0
ORD11008,2024-01-31,CUS0182,Silk Saree,Apparel,South,Vijayawada,7,27181.0,0.0
ORD11009,2024-01-08,CUS0486,Office Chair,Home,South,Visakhapatnam,6,41380.2,0.1
ORD11010,2024-01-07,CUS0121,Smartwatch,Electronics,South,Bengaluru,2,824.5,0.15
ORD11011,2024-01-03,CUS0569,Yoga Mat,Accessories,West,Mumbai,1,8382.0,0.0
ORD11012,2024-01-23,CUS0333,Office Chair,Home,South,Visakhapatnam,7,41776.0,0.0
ORD11013,2024-01-22,CUS0571,Smartwatch,Electronics,East,Kolkata,7,46865.0,0.0
ORD11014,2024-01-19,CUS0549,Silk Saree,Apparel,South,Chennai,2,2978.0,0.0
ORD11015,2024-01-01,CUS0795,Silk Saree,Apparel,South,Bengaluru,1,792.9,0.1
ORD11016,2024-01-25,CUS0391,Leather Wallet,Accessories,West,Pune,5,14340.0,0.2
ORD11017,2024-01-26,CUS0274,Denim Jacket,Apparel,East,Kolkata,5,11916.0,0.2
ORD11018,2024-01-30,CUS0422,Office Chair,Home,West,Pune,7,42405.3,0.1
ORD11019,2024-01-29,CUS0131,Leather Wallet,Accessories,West,Mumbai,5,38280.0,0.0
ORD11020,2024-01-09,CUS0090,Notebook Set,Accessories,North,Delhi,6,18398.4,0.2
ORD11021,2024-01-23,CUS0416,Wireless Earbuds,Electronics,West,Pune,6,39672.0,0.0
ORD11022,2024-01-13,CUS0661,Silk Saree,Apparel,South,Vijayawada,1,835.0,0.0
ORD11023,2024-01-19,CUS0427,Leather Wallet,Accessories,North,Delhi,2,12158.1,0.05
ORD11024,2024-01-11,CUS0626,Yoga Mat,Accessories,South,Visakhapatnam,6,6954.0,0.0
ORD11025,2024-01-21,CUS0143,Wireless Earbuds,Electronics,South,Visakhapatnam,2,10427.4,0.1
ORD11026,2024-01-30,CUS0360,Stainless Bottle,Home,West,Pune,2,5542.4,0.2
ORD11027,2024-01-21,CUS0491,Denim Jacket,Apparel,East,Kolkata,6,20163.6,0.1
ORD11028,2024-01-29,CUS0279,Yoga Mat,Accessories,South,Hyderabad,2,4683.6,0.1
ORD11029,2024-01-29,CUS0012,Yoga Mat,Accessories,East,Kolkata,2,7272.0,0.0
ORD11030,2024-01-04,CUS0059,Wireless Earbuds,Electronics,West,Pune,1,7476.0,0.0
ORD11031,2024-01-30,CUS0743,Desk Lamp,Home,West,Mumbai,4,24991.2,0.1
ORD11032,2024-01-26,CUS0485,Smartwatch,Electronics,South,Chennai,5,14834.25,0.05
ORD11033,2024-01-14,CUS0212,Cotton Kurta,Apparel,West,Pune,6,13994.4,0.15
ORD11034,2024-01-19,CUS0208,Silk Saree,Apparel,East,Kolkata,7,31493.0,0.0
ORD11035,2024-01-20,CUS0032,Coffee Beans,Grocery,South,Visakhapatnam,5,29655.0,0.0
ORD11036,2024-01-25,CUS0756,Desk Lamp,Home,South,Bengaluru,6,11016.0,0.0
ORD11037,2024-01-25,CUS0087,Silk Saree,Apparel,South,Hyderabad,2,11909.2,0.05
ORD11038,2024-01-04,CUS0608,Cotton Kurta,Apparel,South,Chennai,3,21818.7,0.1
ORD11039,2024-01-01,CUS0193,Smartwatch,Electronics,West,Mumbai,3,17359.2,0.2
ORD11040,2024-01-08,CUS0269,Coffee Beans,Grocery,West,Mumbai,1,4818.0,0.0
ORD11041,2024-01-17,CUS0220,Smartwatch,Electronics,East,Kolkata,7,19664.05,0.05
ORD11042,2024-01-27,CUS0660,Coffee Beans,Grocery,South,Visakhapatnam,2,5972.0,0.0
ORD11043,2024-01-21,CUS0027,Desk Lamp,Home,South,Bengaluru,4,25584.0,0.0
ORD11044,2024-01-05,CUS0282,Leather Wallet,Accessories,South,Chennai,3,12171.0,0.0
ORD11045,2024-01-23,CUS0224,Leather Wallet,Accessories,South,Vijayawada,1,1156.15,0.05
ORD11046,2024-01-15,CUS0219,Cotton Kurta,Apparel,South,Chennai,7,39048.8,0.05
ORD11047,2024-01-12,CUS0155,Cotton Kurta,Apparel,South,Bengaluru,2,2950.0,0.0
ORD11048,2024-01-24,CUS0730,Coffee Beans,Grocery,West,Mumbai,1,7973.35,0.05
ORD11049,2024-01-10,CUS0303,Coffee Beans,Grocery,South,Hyderabad,3,10127.7,0.1
ORD11050,2024-01-20,CUS0335,Silk Saree,Apparel,South,Chennai,2,6274.0,0.0
ORD11051,2024-01-06,CUS0309,Stainless Bottle,Home,South,Visakhapatnam,7,5600.0,0.0
ORD11052,2024-01-12,CUS0785,Coffee Beans,Grocery,South,Chennai,2,3088.8,0.1
ORD11053,2024-01-18,CUS0272,Coffee Beans,Grocery,South,Hyderabad,3,21797.1,0.1
ORD11054,2024-01-20,CUS0274,Wireless Earbuds,Electronics,East,Kolkata,2,8508.6,0.1
ORD11055,2024-01-29,CUS0263,Leather Wallet,Accessories,South,Visakhapatnam,1,7700.0,0.0
ORD11056,2024-01-10,CUS0262,Stainless Bottle,Home,South,Vijayawada,1,7733.0,0.05
ORD11057,2024-01-28,CUS0072,Coffee Beans,Grocery,South,Vijayawada,4,2543.2,0.15
ORD11058,2024-01-26,CUS0484,Silk Saree,Apparel,North,Delhi,2,6906.0,0.0
ORD11059,2024-01-12,CUS0021,Stainless Bottle,Home,South,Chennai,1,7182.0,0.0
ORD11060,2024-01-05,CUS0181,Cotton Kurta,Apparel,East,Kolkata,3,10533.6,0.2
ORD11061,2024-01-08,CUS0162,Smartwatch,Electronics,West,Mumbai,2,8994.0,0.0
ORD11062,2024-01-21,CUS0234,Cotton Kurta,Apparel,West,Pune,3,13489.2,0.1
ORD11063,2024-01-25,CUS0606,Desk Lamp,Home,South,Chennai,7,36116.5,0.15
ORD11064,2024-01-19,GST1106,Leather Wallet,Accessories,South,Bengaluru,3,24000.0,0.0
ORD11065,2024-01-23,CUS0793,Stainless Bottle,Home,West,Pune,5,34101.0,0.1
ORD11066,2024-01-04,CUS0281,Wireless Earbuds,Electronics,South,Visakhapatnam,6,31030.8,0.05
ORD11067,2024-01-16,CUS0743,Desk Lamp,Home,West,Mumbai,1,4294.2,0.15
ORD11068,2024-01-28,CUS0036,Smartwatch,Electronics,South,Hyderabad,4,11192.8,0.15
ORD11069,2024-01-13,CUS0404,Yoga Mat,Accessories,East,Kolkata,4,4413.2,0.15
ORD11070,2024-01-28,CUS0640,Wireless Earbuds,Electronics,East,Kolkata,4,24512.0,0.0
ORD11071,2024-01-04,CUS0426,Silk Saree,Apparel,South,Vijayawada,2,667.8,0.1
ORD11072,2024-01-31,CUS0747,Office Chair,Home,South,Chennai,4,20536.0,0.15
ORD11073,2024-01-25,CUS0252,Leather Wallet,Accessories,South,Chennai,1,4179.05,0.05
ORD11074,2024-01-20,CUS0027,Desk Lamp,Home,South,Bengaluru,7,44947.35,0.05
ORD11075,2024-01-20,CUS0620,Denim Jacket,Apparel,South,Vijayawada,5,40430.0,0.0
ORD11076,2024-01-30,CUS0055,Cotton Kurta,Apparel,South,Chennai,1,4127.6,0.15
ORD11077,2024-01-12,GST1107,Coffee Beans,Grocery,North,Delhi,4,20064.0,0.0
ORD11078,2024-01-06,CUS0587,Leather Wallet,Accessories,West,Pune,7,30254.0,0.0
ORD11079,2024-01-29,CUS0676,Silk Saree,Apparel,West,Pune,6,17283.9,0.15
ORD11080,2024-01-04,CUS0384,Cotton Kurta,Apparel,South,Visakhapatnam,2,1825.8,0.15
ORD11081,2024-01-21,CUS0717,Silk Saree,Apparel,South,Chennai,7,3371.2,0.2
ORD11082,2024-01-09,CUS0136,Smartwatch,Electronics,South,Visakhapatnam,2,11859.8,0.05
ORD11083,2024-01-29,CUS0348,Leather Wallet,Accessories,East,Kolkata,2,15614.0,0.0
ORD11084,2024-01-31,CUS0098,Silk Saree,Apparel,West,Pune,2,1497.2,0.05
ORD11085,2024-01-15,CUS0614,Leather Wallet,Accessories,South,Bengaluru,7,21112.0,0.0
ORD11086,2024-01-17,CUS0572,Cotton Kurta,Apparel,South,Bengaluru,6,27060.6,0.15
ORD11087,2024-01-15,CUS0646,Yoga Mat,Accessories,South,Visakhapatnam,4,23153.4,0.05
ORD11088,2024-01-14,CUS0612,Wireless Earbuds,Electronics,South,Chennai,5,31710.0,0.0
ORD11089,2024-01-30,CUS0247,Coffee Beans,Grocery,West,Pune,2,12016.0,0.0
ORD11090,2024-01-09,CUS0055,Desk Lamp,Home,South,Chennai,1,1033.0,0.0
ORD11091,2024-01-30,CUS0744,Wireless Earbuds,Electronics,South,Visakhapatnam,6,12336.9,0.15
ORD11092,2024-01-21,GST1109,Denim Jacket,Apparel,West,Pune,7,26296.2,0.1
ORD11093,2024-01-30,CUS0076,Leather Wallet,Accessories,South,Chennai,1,869.0,0.0
ORD11094,2024-01-19,CUS0742,Smartwatch,Electronics,West,Pune,1,3146.0,0.0
ORD11095,2024-01-26,CUS0796,Smartwatch,Electronics,South,Visakhapatnam,4,13948.0,0.0
ORD11096,2024-01-16,CUS0357,Yoga Mat,Accessories,South,Vijayawada,1,8321.0,0.0
ORD11097,2024-01-15,CUS0617,Office Chair,Home,South,Visakhapatnam,6,14963.4,0.15
ORD11098,2024-01-08,CUS0030,Stainless Bottle,Home,South,Bengaluru,7,54968.9,0.05
ORD11099,2024-01-07,CUS0075,Desk Lamp,Home,West,Pune,2,12114.0,0.0
ORD11100,2024-01-02,GST1110,Cotton Kurta,Apparel,North,Delhi,3,16178.4,0.1
ORD11101,2024-01-12,CUS0525,Cotton Kurta,Apparel,South,Visakhapatnam,7,49217.0,0.0
ORD11102,2024-01-31,CUS0107,Cotton Kurta,Apparel,North,Delhi,3,21642.0,0.0
ORD11103,2024-01-30,CUS0028,Office Chair,Home,North,Delhi,2,4107.8,0.05
ORD11104,2024-01-22,GST1110,Office Chair,Home,West,Mumbai,1,3780.0,0.0
ORD11105,2024-01-12,CUS0617,Yoga Mat,Accessories,South,Visakhapatnam,6,26533.5,0.05
ORD11106,2024-01-17,CUS0592,Notebook Set,Accessories,East,Kolkata,7,52353.0,0.1
ORD11107,2024-01-24,CUS0640,Denim Jacket,Apparel,East,Kolkata,1,578.0,0.15
ORD11108,2024-01-01,CUS0643,Coffee Beans,Grocery,North,Delhi,6,25410.0,0.0
ORD11109,2024-01-29,CUS0482,Coffee Beans,Grocery,North,Delhi,2,3982.4,0.05
ORD11110,2024-01-27,CUS0416,Stainless Bottle,Home,West,Pune,1,2035.0,0.0
ORD11111,2024-01-31,CUS0686,Office Chair,Home,North,Delhi,3,18690.3,0.05
ORD11112,2024-01-03,CUS0279,Denim Jacket,Apparel,South,Hyderabad,4,7980.0,0.0
ORD11113,2024-01-30,GST1111,Denim Jacket,Apparel,West,Mumbai,6,38851.2,0.05
ORD11114,2024-01-20,CUS0602,Cotton Kurta,Apparel,North,Delhi,5,42250.0,0.0
ORD11115,2024-01-18,CUS0221,Stainless Bottle,Home,South,Vijayawada,2,11350.9,0.15
ORD11116,2024-01-06,CUS0784,Desk Lamp,Home,South,Vijayawada,5,7369.5,0.15
ORD11117,2024-01-16,CUS0332,Denim Jacket,Apparel,South,Bengaluru,7,10570.0,0.0
ORD11118,2024-01-12,CUS0682,Silk Saree,Apparel,South,Vijayawada,5,17604.0,0.1
ORD11119,2024-01-31,CUS0034,Cotton Kurta,Apparel,South,Chennai,2,9680.0,0.0
ORD11120,2024-01-11,CUS0528,Stainless Bottle,Home,South,Vijayawada,1,6023.7,0.1
ORD11121,2024-01-07,CUS0359,Yoga Mat,Accessories,South,Hyderabad,4,15180.0,0.0
ORD11122,2024-01-30,CUS0371,Stainless Bottle,Home,South,Bengaluru,4,6844.0,0.0
ORD11123,2024-01-06,GST1112,Silk Saree,Apparel,South,Bengaluru,3,24025.5,0.05
ORD11124,2024-01-29,CUS0777,Cotton Kurta,Apparel,South,Bengaluru,1,7335.9,0.05
ORD11125,2024-01-30,CUS0315,Silk Saree,Apparel,South,Visakhapatnam,1,5396.0,0.05
ORD11126,2024-01-10,CUS0681,Leather Wallet,Accessories,West,Pune,4,22864.6,0.05
ORD11127,2024-01-22,CUS0341,Yoga Mat,Accessories,West,Mumbai,7,55797.0,0.0
ORD11128,2024-01-25,CUS0039,Wireless Earbuds,Electronics,South,Visakhapatnam,5,21100.0,0.0
ORD11129,2024-01-17,CUS0704,Cotton Kurta,Apparel,South,Vijayawada,4,5829.2,0.05
ORD11130,2024-01-22,CUS0149,Wireless Earbuds,Electronics,North,Delhi,7,35165.2,0.05
ORD11131,2024-01-05,CUS0217,Leather Wallet,Accessories,South,Hyderabad,5,20120.0,0.0
ORD11132,2024-01-16,CUS0689,Silk Saree,Apparel,South,Chennai,6,41202.0,0.0
ORD11133,2024-01-16,CUS0715,Leather Wallet,Accessories,East,Kolkata,5,31530.5,0.05
ORD11134,2024-01-18,CUS0734,Desk Lamp,Home,West,Pune,6,23894.4,0.05
ORD11135,2024-01-30,CUS0341,Silk Saree,Apparel,West,Mumbai,4,12052.8,0.1
ORD11136,2024-01-26,CUS0606,Coffee Beans,Grocery,South,Chennai,5,18945.0,0.0
ORD11137,2024-01-19,GST1113,Office Chair,Home,South,Bengaluru,5,26144.0,0.05
ORD11138,2024-01-13,CUS0593,Yoga Mat,Accessories,South,Visakhapatnam,6,31583.7,0.05
ORD11139,2024-01-13,CUS0403,Silk Saree,Apparel,South,Visakhapatnam,7,31640.0,0.0
ORD11140,2024-01-01,CUS0042,Smartwatch,Electronics,West,Pune,3,14052.0,0.0
ORD11141,2024-01-18,CUS0335,Stainless Bottle,Home,South,Chennai,5,42170.0,0.0
ORD11142,2024-01-08,CUS0375,Stainless Bottle,Home,North,Delhi,1,2175.3,0.1
ORD11143,2024-01-28,CUS0206,Cotton Kurta,Apparel,South,Visakhapatnam,4,7068.0,0.0
ORD11144,2024-01-24,CUS0300,Stainless Bottle,Home,South,Hyderabad,7,45638.95,0.05
ORD11145,2024-01-29,CUS0403,Coffee Beans,Grocery,South,Visakhapatnam,5,37871.75,0.05
ORD11146,2024-01-31,CUS0040,Leather Wallet,Accessories,West,Mumbai,2,10620.0,0.0
ORD11147,2024-01-13,CUS0122,Denim Jacket,Apparel,West,Pune,5,16299.0,0.1
ORD11148,2024-01-14,CUS0614,Notebook Set,Accessories,South,Bengaluru,3,9091.5,0.05
ORD11149,2024-01-19,CUS0282,Yoga Mat,Accessories,South,Chennai,4,16656.0,0.0
ORD11150,2024-01-14,CUS0487,Cotton Kurta,Apparel,South,Bengaluru,2,1398.6,0.1
ORD11151,2024-01-09,CUS0453,Silk Saree,Apparel,South,Chennai,5,22125.5,0.05
ORD11152,2024-01-22,CUS0441,Coffee Beans,Grocery,East,Kolkata,2,5094.0,0.0
ORD11153,2024-01-14,CUS0331,Denim Jacket,Apparel,South,Chennai,4,9043.2,0.1
ORD11154,2024-01-30,CUS0387,Silk Saree,Apparel,South,Hyderabad,7,32691.4,0.05
ORD11155,2024-01-07,CUS0660,Desk Lamp,Home,South,Visakhapatnam,6,49218.0,0.0
ORD11156,2024-01-14,CUS0773,Office Chair,Home,South,Hyderabad,3,4864.8,0.2
ORD11157,2024-01-17,CUS0206,Office Chair,Home,South,Visakhapatnam,7,51723.7,0.05
ORD11158,2024-01-29,CUS0536,Stainless Bottle,Home,South,Vijayawada,1,4353.85,0.05
ORD11159,2024-01-18,CUS0776,Coffee Beans,Grocery,East,Kolkata,7,57953.0,0.0
ORD11160,2024-01-03,CUS0007,Leather Wallet,Accessories,South,Hyderabad,3,10395.0,0.0
ORD11161,2024-01-11,GST1116,Cotton Kurta,Apparel,South,Visakhapatnam,6,50844.0,0.0
ORD11162,2024-01-28,CUS0398,Silk Saree,Apparel,South,Vijayawada,7,38091.2,0.05
ORD11163,2024-01-09,CUS0775,Cotton Kurta,Apparel,North,Delhi,5,27588.0,0.05
ORD11164,2024-01-11,CUS0463,Smartwatch,Electronics,West,Pune,5,22230.0,0.1
ORD11165,2024-01-05,CUS0671,Smartwatch,Electronics,East,Kolkata,6,24186.0,0.0
ORD11166,2024-01-23,CUS0133,Coffee Beans,Grocery,South,Hyderabad,2,8332.2,0.1
ORD11167,2024-01-05,CUS0114,Smartwatch,Electronics,South,Chennai,2,13109.4,0.1
ORD11168,2024-01-12,CUS0742,Cotton Kurta,Apparel,West,Pune,3,18378.9,0.1
ORD11169,2024-01-23,CUS0422,Notebook Set,Accessories,West,Pune,4,1958.4,0.1
ORD11170,2024-01-28,CUS0447,Wireless Earbuds,Electronics,South,Visakhapatnam,6,30656.1,0.15
ORD11171,2024-01-07,CUS0136,Notebook Set,Accessories,South,Visakhapatnam,2,14300.0,0.0
ORD11172,2024-01-11,CUS0182,Leather Wallet,Accessories,South,Vijayawada,4,24373.2,0.05
ORD11173,2024-01-04,CUS0655,Notebook Set,Accessories,South,Chennai,1,3521.6,0.2
ORD11174,2024-01-14,CUS0243,Leather Wallet,Accessories,South,Hyderabad,1,2929.8,0.05
ORD11175,2024-01-31,CUS0468,Silk Saree,Apparel,West,Mumbai,7,40852.0,0.0
ORD11176,2024-01-10,GST1117,Stainless Bottle,Home,South,Visakhapatnam,6,27638.4,0.2
ORD11177,2024-01-09,CUS0211,Smartwatch,Electronics,South,Visakhapatnam,7,23786.0,0.0
ORD11178,2024-01-13,GST1117,Stainless Bottle,Home,West,Mumbai,3,10983.0,0.0
ORD11179,2024-01-28,CUS0744,Yoga Mat,Accessories,South,Visakhapatnam,4,13416.0,0.0
ORD11180,2024-01-17,CUS0753,Office Chair,Home,South,Hyderabad,5,3401.0,0.05
ORD11181,2024-01-19,CUS0093,Wireless Earbuds,Electronics,North,Delhi,2,1216.0,0.0
ORD11182,2024-01-25,CUS0283,Notebook Set,Accessories,West,Pune,6,5853.9,0.05
ORD11183,2024-01-23,CUS0452,Stainless Bottle,Home,East,Kolkata,5,16162.75,0.15
ORD11184,2024-01-19,CUS0307,Notebook Set,Accessories,South,Visakhapatnam,3,12850.65,0.05
ORD11185,2024-01-18,GST1118,Denim Jacket,Apparel,South,Bengaluru,4,13976.4,0.05
ORD11186,2024-01-17,CUS0209,Notebook Set,Accessories,South,Visakhapatnam,3,20741.7,0.15
ORD11187,2024-01-06,CUS0048,Wireless Earbuds,Electronics,East,Kolkata,6,11782.8,0.1
ORD11188,2024-01-13,CUS0270,Desk Lamp,Home,West,Mumbai,7,24864.0,0.0
ORD11189,2024-01-27,CUS0479,Notebook Set,Accessories,West,Mumbai,7,16555.0,0.0
ORD11190,2024-01-02,CUS0145,Smartwatch,Electronics,East,Kolkata,6,15914.4,0.05
ORD11191,2024-01-26,CUS0653,Wireless Earbuds,Electronics,South,Vijayawada,3,13797.0,0.1
ORD11192,2024-01-18,CUS0010,Notebook Set,Accessories,South,Hyderabad,6,16387.5,0.05
ORD11193,2024-01-11,CUS0055,Coffee Beans,Grocery,South,Chennai,2,5878.0,0.0
ORD11194,2024-01-04,CUS0408,Wireless Earbuds,Electronics,South,Vijayawada,7,36647.1,0.1
ORD11195,2024-01-24,CUS0410,Wireless Earbuds,Electronics,South,Hyderabad,2,13520.4,0.05
ORD11196,2024-01-01,CUS0236,Denim Jacket,Apparel,West,Pune,3,5933.7,0.05
ORD11197,2024-01-17,CUS0207,Cotton Kurta,Apparel,West,Pune,1,1068.45,0.15
ORD11198,2024-01-06,CUS0056,Office Chair,Home,South,Hyderabad,1,2070.9,0.1
ORD11199,2024-01-29,CUS0531,Wireless Earbuds,Electronics,West,Mumbai,3,14412.45,0.05
ORD11200,2024-01-06,CUS0304,Notebook Set,Accessories,East,Kolkata,4,31049.8,0.05
ORD11201,2024-01-25,CUS0095,Denim Jacket,Apparel,East,Kolkata,1,1571.3,0.05
ORD11202,2024-01-18,CUS0320,Stainless Bottle,Home,West,Pune,6,3978.6,0.05
ORD11203,2024-01-02,CUS0750,Office Chair,Home,South,Vijayawada,1,4422.25,0.05
ORD11204,2024-01-23,CUS0209,Stainless Bottle,Home,South,Visakhapatnam,7,53083.8,0.1
ORD11205,2024-01-28,CUS0716,Silk Saree,Apparel,North,Delhi,2,9220.7,0.05
ORD11206,2024-01-07,CUS0207,Desk Lamp,Home,West,Pune,3,22469.4,0.05
ORD11207,2024-01-31,CUS0149,Stainless Bottle,Home,North,Delhi,2,11168.0,0.0
ORD11208,2024-01-25,CUS0209,Smartwatch,Electronics,South,Visakhapatnam,6,3277.8,0.1
ORD11209,2024-01-24,CUS0259,Notebook Set,Accessories,South,Vijayawada,6,21848.1,0.05
ORD11210,2024-01-11,CUS0097,Office Chair,Home,South,Visakhapatnam,1,6625.0,0.0
ORD11211,2024-01-04,CUS0471,Smartwatch,Electronics,West,Pune,1,4502.0,0.0
ORD11212,2024-01-14,CUS0267,Cotton Kurta,Apparel,South,Chennai,5,9685.0,0.0
ORD11213,2024-01-26,CUS0575,Denim Jacket,Apparel,South,Hyderabad,7,10214.4,0.2
ORD11214,2024-01-19,CUS0393,Desk Lamp,Home,South,Bengaluru,1,4893.45,0.15
ORD11215,2024-01-21,CUS0355,Smartwatch,Electronics,East,Kolkata,2,7833.7,0.05
ORD11216,2024-01-25,CUS0377,Notebook Set,Accessories,West,Pune,4,20116.0,0.0
ORD11217,2024-01-11,CUS0126,Leather Wallet,Accessories,West,Mumbai,1,3051.0,0.1
ORD11218,2024-01-02,CUS0571,Silk Saree,Apparel,East,Kolkata,3,8872.05,0.05
ORD11219,2024-01-28,CUS0084,Stainless Bottle,Home,North,Delhi,1,4622.4,0.2
ORD11220,2024-01-20,CUS0578,Desk Lamp,Home,South,Chennai,4,1652.0,0.0
ORD11221,2024-01-18,CUS0800,Silk Saree,Apparel,South,Bengaluru,6,23358.0,0.0
ORD11222,2024-01-18,CUS0612,Stainless Bottle,Home,South,Chennai,3,9607.35,0.05
ORD11223,2024-01-27,CUS0365,Office Chair,Home,South,Vijayawada,2,13402.0,0.0
ORD11224,2024-01-24,CUS0252,Silk Saree,Apparel,South,Chennai,3,17915.1,0.05
ORD11225,2024-01-21,CUS0699,Desk Lamp,Home,South,Hyderabad,4,13755.6,0.1
ORD11226,2024-01-25,CUS0206,Yoga Mat,Accessories,South,Visakhapatnam,2,4982.0,0.0
ORD11227,2024-01-09,CUS0386,Wireless Earbuds,Electronics,South,Vijayawada,1,2271.0,0.0
ORD11228,2024-01-23,CUS0617,Smartwatch,Electronics,South,Visakhapatnam,2,3934.9,0.05
ORD11229,2024-01-31,CUS0738,Silk Saree,Apparel,South,Bengaluru,7,16254.0,0.1
ORD11230,2024-01-08,CUS0737,Denim Jacket,Apparel,West,Pune,6,37323.6,0.05
ORD11231,2024-01-18,CUS0071,Coffee Beans,Grocery,North,Delhi,1,719.0,0.0
ORD11232,2024-01-22,CUS0719,Stainless Bottle,Home,South,Visakhapatnam,3,1601.7,0.05
ORD11233,2024-01-17,GST1123,Denim Jacket,Apparel,South,Vijayawada,3,13537.5,0.05
ORD11234,2024-01-31,CUS0468,Desk Lamp,Home,West,Mumbai,2,3907.8,0.1
ORD11235,2024-01-13,CUS0744,Denim Jacket,Apparel,South,Visakhapatnam,6,40589.7,0.05
ORD11236,2024-01-07,CUS0524,Desk Lamp,Home,North,Delhi,7,45360.0,0.0
ORD11237,2024-01-05,CUS0758,Silk Saree,Apparel,South,Bengaluru,2,11912.4,0.1
ORD11238,2024-01-27,CUS0276,Stainless Bottle,Home,South,Chennai,1,3870.3,0.05
ORD11239,2024-01-22,CUS0252,Office Chair,Home,South,Chennai,2,7834.0,0.0
ORD11240,2024-01-18,GST1124,Stainless Bottle,Home,South,Hyderabad,5,18135.5,0.05
ORD11241,2024-01-14,CUS0285,Desk Lamp,Home,South,Bengaluru,6,9934.8,0.15
ORD11242,2024-01-13,CUS0547,Wireless Earbuds,Electronics,South,Bengaluru,3,13427.1,0.1
ORD11243,2024-01-29,CUS0362,Denim Jacket,Apparel,East,Kolkata,2,14774.0,0.0
ORD11244,2024-01-22,CUS0590,Denim Jacket,Apparel,North,Delhi,2,4393.8,0.1
ORD11245,2024-01-30,CUS0333,Desk Lamp,Home,South,Visakhapatnam,1,812.0,0.0
ORD11246,2024-01-25,CUS0247,Desk Lamp,Home,West,Pune,1,4704.4,0.05
ORD11247,2024-01-24,CUS0153,Yoga Mat,Accessories,East,Kolkata,3,10268.55,0.05
ORD11248,2024-01-18,CUS0441,Cotton Kurta,Apparel,East,Kolkata,5,34245.0,0.0
ORD11249,2024-01-08,CUS0719,Wireless Earbuds,Electronics,South,Visakhapatnam,1,7331.0,0.0
ORD11250,2024-01-21,CUS0688,Notebook Set,Accessories,West,Mumbai,2,13764.9,0.15
ORD11251,2024-01-23,CUS0203,Notebook Set,Accessories,South,Chennai,7,24878.0,0.0
ORD11252,2024-01-17,CUS0383,Coffee Beans,Grocery,East,Kolkata,7,48503.7,0.1
ORD11253,2024-01-01,CUS0565,Wireless Earbuds,Electronics,East,Kolkata,5,6222.5,0.05
ORD11254,2024-01-30,GST1125,Silk Saree,Apparel,North,Delhi,4,12870.6,0.05
ORD11255,2024-01-26,CUS0054,Denim Jacket,Apparel,South,Chennai,5,12585.0,0.0
ORD11256,2024-01-11,CUS0473,Silk Saree,Apparel,South,Bengaluru,3,23619.0,0.0
ORD11257,2024-01-16,CUS0032,Coffee Beans,Grocery,South,Visakhapatnam,2,10480.0,0.0
ORD11258,2024-01-04,CUS0094,Notebook Set,Accessories,South,Bengaluru,3,9493.35,0.05
ORD11259,2024-01-30,CUS0523,Leather Wallet,Accessories,South,Vijayawada,5,6356.0,0.2
ORD11260,2024-01-08,CUS0083,Yoga Mat,Accessories,South,Vijayawada,5,28606.75,0.15
ORD11261,2024-01-12,CUS0272,Smartwatch,Electronics,South,Hyderabad,5,28435.0,0.0
ORD11262,2024-01-14,CUS0471,Desk Lamp,Home,West,Pune,5,36505.0,0.0
ORD11263,2024-01-09,CUS0525,Notebook Set,Accessories,South,Visakhapatnam,1,3921.0,0.0
ORD11264,2024-01-20,CUS0357,Leather Wallet,Accessories,South,Vijayawada,5,6284.0,0.2
ORD11265,2024-01-31,CUS0076,Office Chair,Home,South,Chennai,7,21525.0,0.0
ORD11266,2024-01-27,CUS0640,Notebook Set,Accessories,East,Kolkata,5,27015.0,0.0
ORD11267,2024-01-17,CUS0760,Smartwatch,Electronics,West,Pune,5,10986.75,0.05
ORD11268,2024-01-05,CUS0711,Smartwatch,Electronics,West,Pune,2,1759.4,0.05
ORD11269,2024-01-27,CUS0599,Notebook Set,Accessories,West,Mumbai,6,42360.0,0.0
ORD11270,2024-01-08,CUS0322,Smartwatch,Electronics,South,Hyderabad,4,17757.4,0.05
ORD11271,2024-01-29,CUS0702,Leather Wallet,Accessories,West,Mumbai,2,7164.0,0.0
ORD11272,2024-01-13,CUS0391,Desk Lamp,Home,West,Pune,4,19420.0,0.0
ORD11273,2024-01-17,CUS0110,Wireless Earbuds,Electronics,West,Pune,1,6368.0,0.0
ORD11274,2024-01-14,GST1127,Denim Jacket,Apparel,South,Bengaluru,7,2520.0,0.0
ORD11275,2024-01-15,CUS0257,Stainless Bottle,Home,West,Pune,5,15752.0,0.2
ORD11276,2024-01-06,GST1127,Desk Lamp,Home,West,Mumbai,3,6902.7,0.05
ORD11277,2024-01-18,CUS0295,Smartwatch,Electronics,South,Chennai,6,5929.2,0.1
ORD11278,2024-01-13,CUS0696,Yoga Mat,Accessories,South,Visakhapatnam,1,643.0,0.0
ORD11279,2024-01-27,CUS0430,Cotton Kurta,Apparel,West,Pune,3,10638.0,0.1
ORD11280,2024-01-15,CUS0374,Silk Saree,Apparel,South,Bengaluru,5,19132.0,0.2
ORD11281,2024-01-30,CUS0238,Coffee Beans,Grocery,South,Bengaluru,1,4487.0,0.0
ORD11282,2024-01-10,CUS0669,Stainless Bottle,Home,East,Kolkata,5,26924.0,0.2
ORD11283,2024-01-11,CUS0049,Office Chair,Home,West,Pune,6,23261.7,0.05
ORD11284,2024-01-02,CUS0376,Cotton Kurta,Apparel,South,Hyderabad,5,23206.5,0.1
ORD11285,2024-01-23,GST1128,Stainless Bottle,Home,East,Kolkata,2,14004.0,0.0
ORD11286,2024-01-03,CUS0435,Desk Lamp,Home,South,Bengaluru,6,32524.2,0.05
ORD11287,2024-01-09,CUS0204,Stainless Bottle,Home,West,Pune,3,22153.05,0.05
ORD11288,2024-01-29,CUS0532,Cotton Kurta,Apparel,South,Vijayawada,6,10348.8,0.2
ORD11289,2024-01-19,CUS0309,Office Chair,Home,South,Visakhapatnam,5,28738.5,0.15
ORD11290,2024-01-18,CUS0151,Office Chair,Home,North,Delhi,1,6028.0,0.0
ORD11291,2024-01-25,CUS0158,Wireless Earbuds,Electronics,West,Mumbai,1,4334.15,0.15
ORD11292,2024-01-24,CUS0558,Cotton Kurta,Apparel,North,Delhi,1,323.0,0.15
ORD11293,2024-01-28,CUS0210,Coffee Beans,Grocery,North,Delhi,1,4523.9,0.05
ORD11294,2024-01-21,CUS0246,Yoga Mat,Accessories,South,Hyderabad,3,22038.0,0.0
ORD11295,2024-01-14,GST1129,Stainless Bottle,Home,South,Vijayawada,1,5603.0,0.0
ORD11296,2024-01-05,CUS0264,Leather Wallet,Accessories,East,Kolkata,7,2737.0,0.0
ORD11297,2024-01-12,CUS0311,Yoga Mat,Accessories,West,Mumbai,7,18865.0,0.0
ORD11298,2024-01-22,CUS0196,Silk Saree,Apparel,South,Hyderabad,2,7984.0,0.2
ORD11299,2024-01-08,CUS0277,Desk Lamp,Home,South,Chennai,3,20898.0,0.0
ORD11300,2024-01-21,CUS0555,Notebook Set,Accessories,East,Kolkata,6,22663.2,0.05
ORD11301,2024-01-05,CUS0428,Wireless Earbuds,Electronics,North,Delhi,5,34831.75,0.05
ORD11302,2024-01-02,CUS0799,Coffee Beans,Grocery,South,Visakhapatnam,5,32471.0,0.05
ORD11303,2024-01-12,CUS0618,Cotton Kurta,Apparel,South,Visakhapatnam,7,17689.0,0.0
ORD11304,2024-01-08,CUS0014,Wireless Earbuds,Electronics,West,Pune,5,9205.5,0.05
ORD11305,2024-01-28,CUS0304,Smartwatch,Electronics,East,Kolkata,5,36608.25,0.05
ORD11306,2024-01-12,CUS0232,Stainless Bottle,Home,North,Delhi,4,19577.6,0.05
ORD11307,2024-01-13,CUS0471,Denim Jacket,Apparel,West,Pune,4,29068.0,0.0
ORD11308,2024-01-13,CUS0213,Denim Jacket,Apparel,North,Delhi,3,21235.5,0.1
ORD11309,2024-01-10,CUS0773,Stainless Bottle,Home,South,Hyderabad,4,15236.0,0.0
ORD11310,2024-01-29,CUS0240,Wireless Earbuds,Electronics,West,Mumbai,7,4801.3,0.05
ORD11311,2024-01-23,CUS0418,Notebook Set,Accessories,South,Vijayawada,3,23274.0,0.0
ORD11312,2024-01-05,CUS0099,Notebook Set,Accessories,West,Mumbai,1,5106.0,0.0
ORD11313,2024-01-07,GST1131,Wireless Earbuds,Electronics,East,Kolkata,5,5989.5,0.1
ORD11314,2024-01-03,CUS0730,Office Chair,Home,West,Mumbai,6,28002.0,0.0
ORD11315,2024-01-08,CUS0635,Wireless Earbuds,Electronics,South,Vijayawada,7,3439.1,0.15
ORD11316,2024-01-21,CUS0282,Smartwatch,Electronics,South,Chennai,4,9217.4,0.15
ORD11317,2024-01-30,CUS0047,Yoga Mat,Accessories,South,Chennai,6,19110.0,0.0
ORD11318,2024-01-15,CUS0569,Wireless Earbuds,Electronics,West,Mumbai,2,8104.0,0.0
ORD11319,2024-01-03,CUS0344,Silk Saree,Apparel,South,Chennai,3,14874.0,0.0
ORD11320,2024-01-02,CUS0793,Wireless Earbuds,Electronics,West,Pune,3,18337.05,0.15
ORD11321,2024-01-13,CUS0559,Coffee Beans,Grocery,North,Delhi,3,9159.9,0.05
ORD11322,2024-01-09,CUS0431,Wireless Earbuds,Electronics,South,Hyderabad,6,38052.0,0.0
ORD11323,2024-01-18,CUS0790,Smartwatch,Electronics,South,Hyderabad,7,53379.55,0.05
ORD11324,2024-01-04,CUS0641,Stainless Bottle,Home,West,Pune,3,19350.0,0.0
ORD11325,2024-01-08,CUS0367,Silk Saree,Apparel,South,Chennai,1,2303.75,0.05
ORD11326,2024-01-18,CUS0016,Wireless Earbuds,Electronics,North,Delhi,6,33476.1,0.05
ORD11327,2024-01-09,CUS0075,Denim Jacket,Apparel,West,Pune,6,15846.0,0.0
ORD11328,2024-01-12,CUS0355,Coffee Beans,Grocery,East,Kolkata,7,26737.2,0.1
ORD11329,2024-01-07,CUS0450,Coffee Beans,Grocery,South,Visakhapatnam,2,11046.0,0.0
ORD11330,2024-01-02,CUS0025,Leather Wallet,Accessories,North,Delhi,6,15612.3,0.05
ORD11331,2024-01-11,CUS0102,Denim Jacket,Apparel,South,Vijayawada,6,2171.7,0.05
ORD11332,2024-01-11,CUS0564,Stainless Bottle,Home,South,Vijayawada,6,34425.6,0.2
ORD11333,2024-01-28,CUS0602,Stainless Bottle,Home,North,Delhi,6,35790.3,0.05
ORD11334,2024-01-28,CUS0024,Notebook Set,Accessories,East,Kolkata,7,8050.35,0.15
ORD11335,2024-01-14,CUS0407,Silk Saree,Apparel,South,Bengaluru,4,13704.0,0.0
ORD11336,2024-01-09,CUS0065,Yoga Mat,Accessories,South,Bengaluru,1,2109.7,0.15
ORD11337,2024-01-13,CUS0579,Denim Jacket,Apparel,East,Kolkata,2,16636.0,0.0
ORD11338,2024-01-19,CUS0668,Office Chair,Home,North,Delhi,7,50557.5,0.1
ORD11339,2024-01-12,CUS0696,Notebook Set,Accessories,South,Visakhapatnam,6,35910.0,0.0
ORD11340,2024-01-24,CUS0479,Cotton Kurta,Apparel,West,Mumbai,1,3153.6,0.2
ORD11341,2024-01-30,CUS0504,Silk Saree,Apparel,North,Delhi,3,1860.0,0.2
ORD11342,2024-01-13,CUS0742,Leather Wallet,Accessories,West,Pune,2,4724.0,0.0
ORD11343,2024-01-04,CUS0490,Cotton Kurta,Apparel,West,Mumbai,3,3146.4,0.05
ORD11344,2024-01-04,CUS0358,Yoga Mat,Accessories,East,Kolkata,5,32224.0,0.05
ORD11345,2024-01-28,CUS0604,Office Chair,Home,South,Vijayawada,4,4272.0,0.0
ORD11346,2024-01-13,CUS0473,Smartwatch,Electronics,South,Bengaluru,4,22309.8,0.05
ORD11347,2024-01-11,CUS0674,Notebook Set,Accessories,South,Hyderabad,4,30829.4,0.05
ORD11348,2024-01-20,CUS0420,Notebook Set,Accessories,South,Chennai,5,13580.25,0.05
ORD11349,2024-01-30,CUS0696,Wireless Earbuds,Electronics,South,Visakhapatnam,5,29625.0,0.0
ORD11350,2024-01-14,CUS0036,Cotton Kurta,Apparel,South,Hyderabad,1,6386.9,0.15
ORD11351,2024-01-10,CUS0030,Silk Saree,Apparel,South,Bengaluru,1,3834.0,0.0
ORD11352,2024-01-27,CUS0080,Silk Saree,Apparel,West,Pune,3,11422.8,0.05
ORD11353,2024-01-03,CUS0445,Coffee Beans,Grocery,South,Chennai,4,7932.0,0.0
ORD11354,2024-01-27,CUS0568,Stainless Bottle,Home,South,Visakhapatnam,7,26838.0,0.0
ORD11355,2024-01-17,CUS0174,Yoga Mat,Accessories,West,Pune,7,52290.0,0.0
ORD11356,2024-01-01,CUS0125,Denim Jacket,Apparel,North,Delhi,5,28780.0,0.0
ORD11357,2024-01-08,CUS0689,Notebook Set,Accessories,South,Chennai,1,1892.4,0.05
ORD11358,2024-01-22,CUS0601,Yoga Mat,Accessories,West,Mumbai,1,4408.95,0.05
ORD11359,2024-01-24,CUS0519,Leather Wallet,Accessories,South,Chennai,4,23214.2,0.05
ORD11360,2024-01-07,CUS0391,Desk Lamp,Home,West,Pune,5,4655.0,0.05
ORD11361,2024-01-21,CUS0337,Yoga Mat,Accessories,East,Kolkata,5,32855.0,0.0
ORD11362,2024-01-31,CUS0017,Office Chair,Home,South,Chennai,1,1990.0,0.0
ORD11363,2024-01-22,CUS0151,Smartwatch,Electronics,North,Delhi,7,18294.15,0.05
ORD11364,2024-01-22,CUS0718,Stainless Bottle,Home,South,Chennai,4,14223.4,0.05
ORD11365,2024-01-06,CUS0272,Wireless Earbuds,Electronics,South,Hyderabad,5,21208.75,0.05
ORD11366,2024-01-20,CUS0564,Coffee Beans,Grocery,South,Vijayawada,1,7815.0,0.0
ORD11367,2024-01-22,CUS0564,Yoga Mat,Accessories,South,Vijayawada,6,11701.8,0.1
ORD11368,2024-01-04,CUS0248,Yoga Mat,Accessories,South,Bengaluru,4,9740.0,0.0
ORD11369,2024-01-10,CUS0164,Yoga Mat,Accessories,South,Bengaluru,2,6532.2,0.05
ORD11370,2024-01-28,CUS0554,Desk Lamp,Home,South,Visakhapatnam,3,22008.0,0.0
ORD11371,2024-01-31,CUS0075,Coffee Beans,Grocery,West,Pune,3,23412.75,0.05
ORD11372,2024-01-06,CUS0396,Denim Jacket,Apparel,North,Delhi,1,4054.0,0.0
ORD11373,2024-01-23,CUS0711,Office Chair,Home,West,Pune,7,37793.7,0.1
ORD11374,2024-01-16,GST1137,Cotton Kurta,Apparel,West,Pune,6,46950.0,0.0
ORD11375,2024-01-19,CUS0612,Wireless Earbuds,Electronics,South,Chennai,7,48205.85,0.05
ORD11376,2024-01-16,CUS0067,Office Chair,Home,East,Kolkata,3,17706.0,0.0
ORD11377,2024-01-27,CUS0160,Desk Lamp,Home,North,Delhi,4,18069.0,0.05
ORD11378,2024-01-14,CUS0221,Coffee Beans,Grocery,South,Vijayawada,4,33488.0,0.0
ORD11379,2024-01-19,CUS0234,Stainless Bottle,Home,West,Pune,4,9192.0,0.0
ORD11380,2024-01-21,CUS0156,Smartwatch,Electronics,West,Mumbai,5,14877.0,0.1
ORD11381,2024-01-18,CUS0778,Desk Lamp,Home,South,Vijayawada,4,24636.0,0.0
ORD11382,2024-01-28,CUS0132,Stainless Bottle,Home,South,Chennai,6,3120.0,0.0
ORD11383,2024-01-08,CUS0567,Leather Wallet,Accessories,South,Visakhapatnam,1,3986.1,0.1
ORD11384,2024-01-30,CUS0470,Wireless Earbuds,Electronics,East,Kolkata,2,13163.4,0.1
ORD11385,2024-01-22,CUS0489,Stainless Bottle,Home,West,Pune,7,10656.45,0.15
ORD11386,2024-01-30,CUS0172,Office Chair,Home,South,Hyderabad,7,48265.0,0.0
ORD11387,2024-01-12,CUS0247,Cotton Kurta,Apparel,West,Pune,6,21152.7,0.05
ORD11388,2024-01-15,GST1138,Notebook Set,Accessories,West,Mumbai,3,19880.1,0.1
ORD11389,2024-01-02,CUS0240,Office Chair,Home,West,Mumbai,4,22092.0,0.0
ORD11390,2024-01-29,CUS0556,Denim Jacket,Apparel,South,Chennai,1,1467.0,0.1
ORD11391,2024-01-26,CUS0032,Stainless Bottle,Home,South,Visakhapatnam,2,12684.0,0.0
ORD11392,2024-01-10,CUS0059,Yoga Mat,Accessories,West,Pune,6,4115.7,0.15
ORD11393,2024-01-02,CUS0583,Notebook Set,Accessories,South,Hyderabad,3,6646.2,0.05
ORD11394,2024-01-22,CUS0494,Cotton Kurta,Apparel,West,Mumbai,4,28842.0,0.05
ORD11395,2024-01-21,CUS0035,Smartwatch,Electronics,North,Delhi,1,7114.55,0.05
ORD11396,2024-01-17,CUS0720,Denim Jacket,Apparel,West,Mumbai,4,2908.0,0.0
ORD11397,2024-01-05,CUS0004,Office Chair,Home,South,Bengaluru,6,20658.0,0.0
ORD11398,2024-01-29,CUS0765,Office Chair,Home,South,Bengaluru,5,5026.5,0.1
ORD11399,2024-01-14,CUS0584,Desk Lamp,Home,South,Hyderabad,4,9724.2,0.05
ORD11400,2024-01-23,CUS0791,Coffee Beans,Grocery,South,Hyderabad,7,54756.1,0.05
ORD11401,2024-01-27,CUS0760,Office Chair,Home,West,Pune,2,3880.0,0.0
ORD11402,2024-01-17,CUS0251,Smartwatch,Electronics,South,Vijayawada,3,15894.45,0.05
ORD11403,2024-01-03,CUS0606,Cotton Kurta,Apparel,South,Chennai,5,34515.0,0.0
ORD11404,2024-01-28,CUS0169,Wireless Earbuds,Electronics,South,Bengaluru,4,30116.0,0.0
ORD11405,2024-01-21,CUS0378,Notebook Set,Accessories,West,Pune,7,19254.2,0.15
ORD11406,2024-01-28,CUS0193,Desk Lamp,Home,West,Mumbai,1,5727.55,0.05
ORD11407,2024-01-19,CUS0389,Notebook Set,Accessories,East,Kolkata,1,4074.55,0.05
ORD11408,2024-01-29,CUS0698,Office Chair,Home,West,Mumbai,3,2937.6,0.2
ORD11409,2024-01-27,CUS0349,Office Chair,Home,South,Vijayawada,4,8660.0,0.0
ORD11410,2024-01-07,CUS0074,Desk Lamp,Home,South,Vijayawada,7,38359.65,0.15
ORD11411,2024-01-06,CUS0260,Office Chair,Home,West,Mumbai,4,22575.8,0.05
ORD11412,2024-01-05,CUS0630,Cotton Kurta,Apparel,South,Bengaluru,4,17464.8,0.05
ORD11413,2024-01-25,CUS0418,Cotton Kurta,Apparel,South,Vijayawada,2,13430.0,0.0
ORD11414,2024-01-08,CUS0449,Desk Lamp,Home,South,Chennai,4,23932.0,0.0
ORD11415,2024-01-14,CUS0345,Stainless Bottle,Home,East,Kolkata,4,12464.0,0.0
ORD11416,2024-01-25,CUS0235,Office Chair,Home,South,Chennai,5,13725.0,0.0
ORD11417,2024-01-14,CUS0479,Desk Lamp,Home,West,Mumbai,5,40260.0,0.0
ORD11418,2024-01-02,CUS0507,Wireless Earbuds,Electronics,South,Chennai,4,31426.0,0.05
ORD11419,2024-01-12,CUS0719,Yoga Mat,Accessories,South,Visakhapatnam,2,1078.2,0.1
ORD11420,2024-01-03,CUS0495,Stainless Bottle,Home,South,Visakhapatnam,2,13588.0,0.0
ORD11421,2024-01-12,CUS0797,Cotton Kurta,Apparel,East,Kolkata,2,2579.4,0.1
ORD11422,2024-01-23,CUS0662,Desk Lamp,Home,West,Pune,5,31318.25,0.15
ORD11423,2024-01-17,CUS0063,Yoga Mat,Accessories,South,Bengaluru,6,27799.2,0.1
ORD11424,2024-01-21,CUS0314,Leather Wallet,Accessories,South,Visakhapatnam,7,37516.5,0.1
ORD11425,2024-01-04,CUS0308,Wireless Earbuds,Electronics,South,Chennai,3,16378.2,0.1
ORD11426,2024-01-24,CUS0003,Coffee Beans,Grocery,West,Mumbai,1,5280.0,0.0
ORD11427,2024-01-14,CUS0145,Stainless Bottle,Home,East,Kolkata,5,11965.0,0.0
ORD11428,2024-01-09,CUS0610,Desk Lamp,Home,North,Delhi,1,5888.8,0.15
ORD11429,2024-01-21,CUS0282,Stainless Bottle,Home,South,Chennai,5,23108.75,0.05
ORD11430,2024-01-05,CUS0119,Notebook Set,Accessories,South,Visakhapatnam,3,12938.4,0.1
ORD11431,2024-01-16,CUS0230,Denim Jacket,Apparel,South,Vijayawada,6,14131.2,0.2
ORD11432,2024-01-14,CUS0220,Silk Saree,Apparel,East,Kolkata,5,2155.0,0.0
ORD11433,2024-01-06,CUS0140,Desk Lamp,Home,South,Bengaluru,6,29190.0,0.0
ORD11434,2024-01-30,CUS0081,Silk Saree,Apparel,East,Kolkata,3,9011.7,0.05
ORD11435,2024-01-12,GST1143,Notebook Set,Accessories,South,Bengaluru,6,34338.0,0.0
ORD11436,2024-01-02,CUS0660,Coffee Beans,Grocery,South,Visakhapatnam,4,12616.0,0.05
ORD11437,2024-01-14,CUS0398,Stainless Bottle,Home,South,Vijayawada,5,37251.0,0.1
ORD11438,2024-01-30,CUS0493,Coffee Beans,Grocery,West,Pune,3,16812.15,0.05
ORD11439,2024-01-21,CUS0736,Cotton Kurta,Apparel,West,Pune,4,16252.0,0.0
ORD11440,2024-01-20,CUS0675,Stainless Bottle,Home,West,Mumbai,6,33053.4,0.1
ORD11441,2024-01-28,CUS0027,Desk Lamp,Home,South,Bengaluru,3,16896.0,0.0
ORD11442,2024-01-03,GST1144,Wireless Earbuds,Electronics,West,Pune,1,4595.95,0.15
ORD11443,2024-01-18,CUS0054,Wireless Earbuds,Electronics,South,Chennai,3,15183.0,0.0
ORD11444,2024-01-10,CUS0022,Office Chair,Home,South,Bengaluru,3,20257.2,0.15
ORD11445,2024-01-21,CUS0323,Stainless Bottle,Home,West,Mumbai,3,8373.3,0.05
ORD11446,2024-01-27,GST1144,Silk Saree,Apparel,South,Vijayawada,1,3873.0,0.0
ORD11447,2024-01-03,CUS0065,Stainless Bottle,Home,South,Bengaluru,1,2291.4,0.05
ORD11448,2024-01-05,CUS0235,Coffee Beans,Grocery,South,Chennai,3,14973.0,0.0
ORD11449,2024-01-30,CUS0211,Cotton Kurta,Apparel,South,Visakhapatnam,3,23942.85,0.05
ORD11450,2024-01-16,CUS0318,Notebook Set,Accessories,West,Pune,1,4777.2,0.1
ORD11451,2024-01-10,CUS0789,Stainless Bottle,Home,South,Chennai,3,5494.5,0.1
ORD11452,2024-01-05,CUS0266,Smartwatch,Electronics,West,Mumbai,3,23580.0,0.0
ORD11453,2024-01-11,CUS0168,Yoga Mat,Accessories,South,Vijayawada,1,6450.5,0.05
ORD11454,2024-01-01,CUS0098,Stainless Bottle,Home,West,Pune,2,6692.9,0.15
ORD11455,2024-01-07,GST1145,Leather Wallet,Accessories,South,Visakhapatnam,2,2779.2,0.1
ORD11456,2024-01-06,CUS0107,Cotton Kurta,Apparel,North,Delhi,2,7262.0,0.0
ORD11457,2024-01-03,GST1145,Cotton Kurta,Apparel,East,Kolkata,6,41430.0,0.0
ORD11458,2024-01-31,CUS0337,Stainless Bottle,Home,East,Kolkata,1,4295.05,0.15
ORD11459,2024-01-25,CUS0399,Wireless Earbuds,Electronics,South,Visakhapatnam,5,9315.0,0.0
ORD11460,2024-01-30,CUS0666,Denim Jacket,Apparel,West,Pune,5,8210.0,0.0
ORD11461,2024-01-08,CUS0465,Desk Lamp,Home,South,Hyderabad,6,44452.8,0.1
ORD11462,2024-01-09,CUS0125,Yoga Mat,Accessories,North,Delhi,4,15976.0,0.0
ORD11463,2024-01-09,CUS0302,Denim Jacket,Apparel,North,Delhi,4,21384.0,0.1
ORD11464,2024-01-18,CUS0251,Coffee Beans,Grocery,South,Vijayawada,6,19734.0,0.0
ORD11465,2024-01-06,CUS0662,Desk Lamp,Home,West,Pune,6,5853.6,0.1
ORD11466,2024-01-08,GST1146,Silk Saree,Apparel,South,Visakhapatnam,2,5931.2,0.2
ORD11467,2024-01-31,CUS0111,Cotton Kurta,Apparel,South,Visakhapatnam,6,28795.2,0.2
ORD11468,2024-01-11,CUS0589,Notebook Set,Accessories,North,Delhi,4,10424.4,0.15
ORD11469,2024-01-25,CUS0343,Silk Saree,Apparel,West,Mumbai,1,4478.65,0.15
ORD11470,2024-01-08,CUS0077,Desk Lamp,Home,South,Visakhapatnam,5,19600.0,0.0
ORD11471,2024-01-29,CUS0552,Yoga Mat,Accessories,South,Bengaluru,7,17365.6,0.2
ORD11472,2024-01-22,CUS0169,Office Chair,Home,South,Bengaluru,1,2063.8,0.15
ORD11473,2024-01-27,CUS0695,Wireless Earbuds,Electronics,South,Hyderabad,1,2350.3,0.05
ORD11474,2024-01-17,CUS0666,Silk Saree,Apparel,West,Pune,7,17038.0,0.0
ORD11475,2024-01-29,CUS0296,Yoga Mat,Accessories,South,Chennai,5,31035.0,0.0
ORD11476,2024-01-12,CUS0445,Desk Lamp,Home,South,Chennai,2,5888.1,0.05
ORD11477,2024-01-15,CUS0455,Cotton Kurta,Apparel,West,Mumbai,6,34516.8,0.1
ORD11478,2024-01-02,CUS0523,Denim Jacket,Apparel,South,Vijayawada,3,8655.0,0.0
ORD11479,2024-01-06,CUS0056,Office Chair,Home,South,Hyderabad,3,9048.0,0.0
ORD11480,2024-01-24,CUS0260,Denim Jacket,Apparel,West,Mumbai,3,22463.7,0.05
ORD11481,2024-01-11,CUS0137,Smartwatch,Electronics,West,Mumbai,5,37455.0,0.0
ORD11482,2024-01-04,CUS0558,Silk Saree,Apparel,North,Delhi,1,2892.0,0.2
ORD11483,2024-01-10,CUS0056,Leather Wallet,Accessories,South,Hyderabad,3,7620.0,0.0
ORD11484,2024-01-11,CUS0414,Stainless Bottle,Home,South,Vijayawada,3,18546.0,0.0
ORD11485,2024-01-23,CUS0583,Leather Wallet,Accessories,South,Hyderabad,1,919.0,0.0
ORD11486,2024-01-03,CUS0759,Cotton Kurta,Apparel,South,Vijayawada,6,20757.0,0.15
ORD11487,2024-01-01,CUS0231,Smartwatch,Electronics,South,Chennai,1,4452.3,0.15
ORD11488,2024-01-23,GST1148,Wireless Earbuds,Electronics,West,Pune,7,40999.0,0.0
ORD11489,2024-01-05,CUS0579,Stainless Bottle,Home,East,Kolkata,1,1222.0,0.0
ORD11490,2024-01-14,CUS0002,Leather Wallet,Accessories,West,Pune,3,1122.0,0.0
ORD11491,2024-01-22,CUS0054,Denim Jacket,Apparel,South,Chennai,1,2604.0,0.0
ORD11492,2024-01-16,CUS0793,Leather Wallet,Accessories,West,Pune,3,3566.7,0.1
ORD11493,2024-01-04,CUS0691,Office Chair,Home,East,Kolkata,5,22415.0,0.0
ORD11494,2024-01-23,CUS0567,Leather Wallet,Accessories,South,Visakhapatnam,1,7450.85,0.05
ORD11495,2024-01-02,CUS0669,Cotton Kurta,Apparel,East,Kolkata,4,10732.0,0.0
ORD11496,2024-01-08,CUS0061,Coffee Beans,Grocery,East,Kolkata,6,23067.9,0.05
ORD11497,2024-01-04,CUS0072,Desk Lamp,Home,South,Vijayawada,4,8408.0,0.0
ORD11498,2024-01-16,CUS0241,Wireless Earbuds,Electronics,South,Vijayawada,1,708.0,0.0
ORD11499,2024-01-22,CUS0020,Denim Jacket,Apparel,South,Chennai,5,30400.0,0.0
ORD11500,2024-01-21,CUS0711,Coffee Beans,Grocery,West,Pune,2,4878.0,0.0
ORD11501,2024-01-05,CUS0046,Notebook Set,Accessories,East,Kolkata,1,4808.0,0.0
ORD11502,2024-01-11,CUS0436,Silk Saree,Apparel,South,Vijayawada,4,18934.4,0.2
ORD11503,2024-01-05,CUS0683,Desk Lamp,Home,East,Kolkata,2,14388.0,0.0
ORD11504,2024-01-11,CUS0588,Yoga Mat,Accessories,South,Hyderabad,1,1862.0,0.0
ORD11505,2024-01-08,CUS0188,Stainless Bottle,Home,South,Bengaluru,6,30522.0,0.0
ORD11506,2024-01-23,CUS0377,Denim Jacket,Apparel,West,Pune,5,34974.0,0.1
ORD11507,2024-01-24,GST1150,Smartwatch,Electronics,East,Kolkata,7,25525.5,0.15
ORD11508,2024-01-26,CUS0615,Smartwatch,Electronics,West,Pune,4,2448.0,0.1
ORD11509,2024-01-07,CUS0341,Wireless Earbuds,Electronics,West,Mumbai,4,9420.2,0.05
ORD11510,2024-01-01,CUS0229,Coffee Beans,Grocery,South,Chennai,6,36865.8,0.1
ORD11511,2024-01-02,CUS0637,Denim Jacket,Apparel,South,Visakhapatnam,1,6805.0,0.0
ORD11512,2024-01-27,CUS0710,Yoga Mat,Accessories,South,Chennai,3,7428.15,0.15
ORD11513,2024-01-29,CUS0392,Notebook Set,Accessories,South,Vijayawada,6,10551.6,0.1
ORD11514,2024-01-07,CUS0023,Leather Wallet,Accessories,South,Vijayawada,3,8181.0,0.0
ORD11515,2024-01-28,CUS0401,Leather Wallet,Accessories,East,Kolkata,7,15454.6,0.05
ORD11516,2024-01-17,CUS0712,Silk Saree,Apparel,South,Chennai,2,12776.0,0.0
ORD11517,2024-01-06,GST1151,Silk Saree,Apparel,West,Mumbai,3,21624.0,0.0
ORD11518,2024-01-10,CUS0321,Leather Wallet,Accessories,South,Visakhapatnam,7,4592.7,0.1
ORD11519,2024-01-09,CUS0121,Yoga Mat,Accessories,South,Bengaluru,2,12780.0,0.0
ORD11520,2024-01-24,CUS0458,Yoga Mat,Accessories,West,Mumbai,7,40836.6,0.1
ORD11521,2024-01-06,GST1152,Desk Lamp,Home,South,Visakhapatnam,1,4275.2,0.2
ORD11522,2024-01-06,CUS0757,Office Chair,Home,West,Pune,2,14156.9,0.05
ORD11523,2024-01-23,CUS0042,Cotton Kurta,Apparel,West,Pune,5,3335.0,0.0
ORD11524,2024-01-10,CUS0233,Wireless Earbuds,Electronics,South,Hyderabad,5,28747.0,0.05
ORD11525,2024-01-08,CUS0383,Office Chair,Home,East,Kolkata,7,8738.1,0.1
ORD11526,2024-01-26,CUS0079,Silk Saree,Apparel,West,Mumbai,7,53620.0,0.0
ORD11527,2024-01-29,CUS0710,Silk Saree,Apparel,South,Chennai,5,22120.0,0.0
ORD11528,2024-01-18,CUS0090,Cotton Kurta,Apparel,North,Delhi,5,5177.5,0.05
ORD11529,2024-01-26,CUS0533,Denim Jacket,Apparel,South,Vijayawada,3,16401.6,0.15
ORD11530,2024-01-27,CUS0735,Coffee Beans,Grocery,South,Vijayawada,6,38736.0,0.0
ORD11531,2024-01-19,GST1153,Yoga Mat,Accessories,North,Delhi,5,20660.0,0.0
ORD11532,2024-01-26,CUS0611,Coffee Beans,Grocery,North,Delhi,1,2303.2,0.2
ORD11533,2024-01-01,CUS0211,Wireless Earbuds,Electronics,South,Visakhapatnam,6,2940.0,0.0
ORD11534,2024-01-02,GST1153,Stainless Bottle,Home,North,Delhi,3,23247.0,0.0
ORD11535,2024-01-28,CUS0335,Notebook Set,Accessories,South,Chennai,4,7033.8,0.05
ORD11536,2024-01-05,CUS0050,Smartwatch,Electronics,North,Delhi,4,28868.0,0.0
ORD11537,2024-01-23,CUS0294,Stainless Bottle,Home,South,Visakhapatnam,6,30888.0,0.0
ORD11538,2024-01-14,CUS0280,Yoga Mat,Accessories,South,Hyderabad,2,11274.6,0.05
ORD11539,2024-01-25,CUS0418,Leather Wallet,Accessories,South,Vijayawada,3,17119.95,0.05
ORD11540,2024-01-21,CUS0212,Coffee Beans,Grocery,West,Pune,1,6975.85,0.05
ORD11541,2024-01-03,CUS0370,Stainless Bottle,Home,West,Pune,3,1866.0,0.0
ORD11542,2024-01-11,CUS0343,Office Chair,Home,West,Mumbai,1,8006.6,0.05
ORD11543,2024-01-22,CUS0262,Notebook Set,Accessories,South,Vijayawada,5,3339.25,0.05
ORD11544,2024-01-29,CUS0557,Yoga Mat,Accessories,West,Pune,7,53499.6,0.1
ORD11545,2024-01-25,CUS0245,Smartwatch,Electronics,West,Mumbai,4,8924.4,0.1
ORD11546,2024-01-28,CUS0613,Stainless Bottle,Home,North,Delhi,7,48165.95,0.05
ORD11547,2024-01-30,GST1154,Office Chair,Home,South,Chennai,7,6128.5,0.15
ORD11548,2024-01-28,CUS0692,Denim Jacket,Apparel,North,Delhi,1,3695.4,0.1
ORD11549,2024-01-18,CUS0293,Office Chair,Home,East,Kolkata,4,19064.0,0.0
ORD11550,2024-01-11,CUS0033,Stainless Bottle,Home,South,Hyderabad,4,26006.4,0.2
ORD11551,2024-01-16,CUS0120,Notebook Set,Accessories,South,Vijayawada,3,3462.9,0.15
ORD11552,2024-01-25,CUS0646,Office Chair,Home,South,Visakhapatnam,6,3882.0,0.0
ORD11553,2024-01-14,CUS0698,Silk Saree,Apparel,West,Mumbai,3,16896.0,0.0
ORD11554,2024-01-26,CUS0170,Coffee Beans,Grocery,South,Hyderabad,1,713.45,0.05
ORD11555,2024-01-22,GST1155,Office Chair,Home,South,Vijayawada,4,26736.0,0.0
ORD11556,2024-01-07,GST1155,Wireless Earbuds,Electronics,South,Bengaluru,2,1191.6,0.1
ORD11557,2024-01-29,CUS0108,Leather Wallet,Accessories,West,Mumbai,3,23538.15,0.05
ORD11558,2024-01-27,CUS0362,Smartwatch,Electronics,East,Kolkata,4,18764.0,0.0
ORD11559,2024-01-19,CUS0556,Smartwatch,Electronics,South,Chennai,6,48474.0,0.0
ORD11560,2024-01-07,CUS0774,Notebook Set,Accessories,West,Pune,2,2349.4,0.15
ORD11561,2024-01-08,CUS0679,Notebook Set,Accessories,South,Chennai,3,7731.0,0.0
ORD11562,2024-01-27,CUS0079,Office Chair,Home,West,Mumbai,1,3651.3,0.1
ORD11563,2024-01-01,CUS0191,Smartwatch,Electronics,West,Pune,3,1767.0,0.0
ORD11564,2024-01-15,CUS0350,Notebook Set,Accessories,South,Vijayawada,5,5643.0,0.05
ORD11565,2024-01-20,CUS0121,Denim Jacket,Apparel,South,Bengaluru,5,14411.5,0.05
ORD11566,2024-01-08,CUS0457,Yoga Mat,Accessories,South,Vijayawada,3,19068.0,0.0
ORD11567,2024-01-27,CUS0007,Stainless Bottle,Home,South,Hyderabad,1,5817.8,0.05
ORD11568,2024-01-17,CUS0091,Notebook Set,Accessories,South,Bengaluru,5,5020.75,0.05
ORD11569,2024-01-03,CUS0038,Desk Lamp,Home,North,Delhi,5,4185.0,0.0
ORD11570,2024-01-10,CUS0237,Leather Wallet,Accessories,West,Mumbai,1,5696.0,0.0
ORD11571,2024-01-13,CUS0610,Cotton Kurta,Apparel,North,Delhi,4,11811.6,0.1
ORD11572,2024-01-07,CUS0142,Leather Wallet,Accessories,South,Vijayawada,1,6124.5,0.1
ORD11573,2024-01-30,CUS0790,Cotton Kurta,Apparel,South,Hyderabad,4,10556.4,0.05
ORD11574,2024-01-12,CUS0216,Stainless Bottle,Home,South,Visakhapatnam,5,14881.5,0.1
ORD11575,2024-01-16,GST1157,Denim Jacket,Apparel,South,Bengaluru,6,12822.0,0.0
ORD11576,2024-01-17,CUS0269,Coffee Beans,Grocery,West,Mumbai,5,12605.0,0.0
ORD11577,2024-01-07,CUS0599,Leather Wallet,Accessories,West,Mumbai,6,34792.8,0.05
ORD11578,2024-01-18,CUS0086,Silk Saree,Apparel,West,Pune,2,7961.0,0.05
ORD11579,2024-01-11,CUS0058,Notebook Set,Accessories,South,Vijayawada,6,30893.4,0.1
ORD11580,2024-01-01,GST1158,Wireless Earbuds,Electronics,South,Vijayawada,3,2973.0,0.0
ORD11581,2024-01-13,CUS0474,Office Chair,Home,South,Chennai,3,13434.9,0.05
ORD11582,2024-01-19,CUS0275,Silk Saree,Apparel,South,Bengaluru,6,23295.9,0.05
ORD11583,2024-01-04,CUS0605,Silk Saree,Apparel,North,Delhi,3,23316.0,0.0
ORD11584,2024-01-25,CUS0676,Denim Jacket,Apparel,West,Pune,1,3610.95,0.05
ORD11585,2024-01-21,CUS0288,Office Chair,Home,West,Mumbai,6,6783.0,0.05
ORD11586,2024-01-10,CUS0449,Office Chair,Home,South,Chennai,5,30155.0,0.0
ORD11587,2024-01-19,CUS0009,Notebook Set,Accessories,South,Vijayawada,5,7845.0,0.0
ORD11588,2024-01-10,CUS0245,Silk Saree,Apparel,West,Mumbai,2,15516.0,0.0
ORD11589,2024-01-21,CUS0477,Yoga Mat,Accessories,North,Delhi,5,14768.75,0.15
ORD11590,2024-01-05,CUS0158,Cotton Kurta,Apparel,West,Mumbai,2,13486.0,0.0
ORD11591,2024-01-19,GST1159,Wireless Earbuds,Electronics,South,Bengaluru,4,22780.0,0.0
ORD11592,2024-01-02,GST1159,Denim Jacket,Apparel,South,Vijayawada,4,16552.0,0.0
ORD11593,2024-01-01,CUS0207,Silk Saree,Apparel,West,Pune,6,30660.0,0.0
ORD11594,2024-01-08,CUS0318,Stainless Bottle,Home,West,Pune,7,12873.0,0.0
ORD11595,2024-01-06,CUS0152,Notebook Set,Accessories,South,Visakhapatnam,2,1810.7,0.05
ORD11596,2024-01-16,CUS0404,Yoga Mat,Accessories,East,Kolkata,1,6595.0,0.0
ORD11597,2024-01-06,CUS0100,Notebook Set,Accessories,South,Vijayawada,4,32644.0,0.0
ORD11598,2024-01-08,CUS0313,Stainless Bottle,Home,South,Vijayawada,7,51618.0,0.0
ORD11599,2024-01-04,CUS0445,Cotton Kurta,Apparel,South,Chennai,2,5672.0,0.0
ORD11600,2024-01-28,CUS0490,Smartwatch,Electronics,West,Mumbai,4,13068.0,0.0
ORD11601,2024-01-23,CUS0478,Leather Wallet,Accessories,South,Hyderabad,3,9333.75,0.05
ORD11602,2024-01-07,CUS0178,Cotton Kurta,Apparel,South,Vijayawada,3,17313.75,0.05
ORD11603,2024-01-04,CUS0634,Silk Saree,Apparel,South,Bengaluru,5,24444.0,0.1
ORD11604,2024-01-27,GST1160,Notebook Set,Accessories,West,Pune,3,20523.0,0.0
ORD11605,2024-01-21,CUS0603,Cotton Kurta,Apparel,West,Pune,4,27380.2,0.15
ORD11606,2024-01-28,CUS0375,Coffee Beans,Grocery,North,Delhi,6,20217.9,0.05
ORD11607,2024-01-06,CUS0715,Leather Wallet,Accessories,East,Kolkata,3,17250.0,0.0
ORD11608,2024-01-12,CUS0312,Stainless Bottle,Home,West,Pune,1,4428.0,0.0
ORD11609,2024-01-04,CUS0645,Office Chair,Home,West,Pune,7,51225.3,0.1
ORD11610,2024-01-14,CUS0163,Silk Saree,Apparel,South,Bengaluru,2,6470.0,0.0
ORD11611,2024-01-06,CUS0198,Smartwatch,Electronics,South,Vijayawada,6,11268.0,0.0
ORD11612,2024-01-01,CUS0422,Leather Wallet,Accessories,West,Pune,6,19590.9,0.05
ORD11613,2024-01-16,CUS0445,Notebook Set,Accessories,South,Chennai,4,21572.0,0.0
ORD11614,2024-01-31,GST1161,Desk Lamp,Home,South,Bengaluru,1,6495.2,0.2
ORD11615,2024-01-21,CUS0238,Notebook Set,Accessories,South,Bengaluru,7,49735.0,0.0
ORD11616,2024-01-24,CUS0699,Leather Wallet,Accessories,South,Hyderabad,5,2495.0,0.0
ORD11617,2024-01-26,CUS0264,Cotton Kurta,Apparel,East,Kolkata,3,13494.0,0.0
ORD11618,2024-01-31,CUS0428,Stainless Bottle,Home,North,Delhi,6,9876.0,0.0
ORD11619,2024-01-04,CUS0746,Stainless Bottle,Home,South,Bengaluru,6,16835.1,0.15
ORD11620,2024-01-08,CUS0432,Office Chair,Home,West,Pune,6,43432.2,0.1
ORD11621,2024-01-20,CUS0546,Leather Wallet,Accessories,South,Hyderabad,2,14237.5,0.15
ORD11622,2024-01-26,CUS0727,Notebook Set,Accessories,West,Pune,5,7609.5,0.05
ORD11623,2024-01-24,GST1162,Office Chair,Home,West,Pune,3,4497.0,0.0
ORD11624,2024-01-23,CUS0400,Wireless Earbuds,Electronics,South,Visakhapatnam,1,6024.0,0.0
ORD11625,2024-01-10,CUS0334,Coffee Beans,Grocery,North,Delhi,3,11097.0,0.0
ORD11626,2024-01-12,GST1162,Coffee Beans,Grocery,South,Chennai,1,3295.45,0.15
ORD11627,2024-01-03,CUS0430,Yoga Mat,Accessories,West,Pune,1,7093.65,0.05
ORD11628,2024-01-10,CUS0735,Stainless Bottle,Home,South,Vijayawada,6,44756.4,0.05
ORD11629,2024-01-05,CUS0390,Silk Saree,Apparel,South,Vijayawada,4,29214.4,0.05
ORD11630,2024-01-30,CUS0279,Smartwatch,Electronics,South,Hyderabad,3,18173.7,0.1
ORD11631,2024-01-03,CUS0086,Denim Jacket,Apparel,West,Pune,2,16680.0,0.0
ORD11632,2024-01-12,GST1163,Office Chair,Home,West,Pune,6,33566.4,0.1
ORD11633,2024-01-28,CUS0190,Leather Wallet,Accessories,South,Visakhapatnam,5,34024.5,0.1
ORD11634,2024-01-30,CUS0782,Denim Jacket,Apparel,West,Mumbai,5,21393.0,0.1
ORD11635,2024-01-12,GST1163,Coffee Beans,Grocery,West,Pune,2,1530.0,0.0
ORD11636,2024-01-15,GST1163,Silk Saree,Apparel,South,Vijayawada,1,7004.0,0.0
ORD11637,2024-01-17,GST1163,Silk Saree,Apparel,South,Bengaluru,1,7530.65,0.05
ORD11638,2024-01-26,CUS0681,Coffee Beans,Grocery,West,Pune,1,2460.75,0.15
ORD11639,2024-01-24,CUS0746,Silk Saree,Apparel,South,Bengaluru,7,21498.4,0.2
ORD11640,2024-01-17,CUS0611,Yoga Mat,Accessories,North,Delhi,3,14284.2,0.05
ORD11641,2024-01-12,CUS0100,Leather Wallet,Accessories,South,Vijayawada,5,28300.0,0.0
ORD11642,2024-01-12,CUS0079,Wireless Earbuds,Electronics,West,Mumbai,7,40943.0,0.0
ORD11643,2024-01-21,CUS0159,Cotton Kurta,Apparel,South,Chennai,7,23693.95,0.05
ORD11644,2024-01-26,CUS0601,Wireless Earbuds,Electronics,West,Mumbai,3,21939.0,0.0
ORD11645,2024-01-03,CUS0613,Cotton Kurta,Apparel,North,Delhi,4,26527.8,0.05
ORD11646,2024-01-24,CUS0671,Yoga Mat,Accessories,East,Kolkata,4,28904.4,0.1
ORD11647,2024-01-15,CUS0078,Notebook Set,Accessories,South,Visakhapatnam,1,5043.0,0.0
ORD11648,2024-01-05,CUS0123,Coffee Beans,Grocery,West,Mumbai,6,5886.0,0.0
ORD11649,2024-01-03,CUS0721,Leather Wallet,Accessories,South,Vijayawada,5,36205.0,0.0
ORD11650,2024-01-11,CUS0743,Leather Wallet,Accessories,West,Mumbai,3,2991.0,0.0
ORD11651,2024-01-08,GST1165,Notebook Set,Accessories,West,Pune,4,7330.2,0.05
ORD11652,2024-01-04,CUS0085,Leather Wallet,Accessories,West,Mumbai,6,16044.0,0.0
ORD11653,2024-01-10,GST1165,Stainless Bottle,Home,West,Mumbai,1,1857.0,0.0
ORD11654,2024-01-26,CUS0045,Coffee Beans,Grocery,South,Hyderabad,5,31240.0,0.0
ORD11655,2024-01-23,CUS0554,Wireless Earbuds,Electronics,South,Visakhapatnam,7,27573.0,0.0
ORD11656,2024-01-07,CUS0677,Smartwatch,Electronics,West,Mumbai,6,12180.9,0.05
ORD11657,2024-01-21,CUS0506,Notebook Set,Accessories,South,Chennai,5,1843.0,0.05
ORD11658,2024-01-15,CUS0210,Wireless Earbuds,Electronics,North,Delhi,1,2007.35,0.05
ORD11659,2024-01-24,CUS0606,Wireless Earbuds,Electronics,South,Chennai,6,34177.2,0.05
ORD11660,2024-01-08,CUS0048,Silk Saree,Apparel,East,Kolkata,6,40938.0,0.0
ORD11661,2024-01-02,CUS0663,Wireless Earbuds,Electronics,South,Hyderabad,4,10495.6,0.05
ORD11662,2024-01-10,CUS0714,Stainless Bottle,Home,West,Pune,5,4730.0,0.0
ORD11663,2024-01-31,CUS0575,Notebook Set,Accessories,South,Hyderabad,5,20786.75,0.15
ORD11664,2024-01-18,CUS0704,Silk Saree,Apparel,South,Vijayawada,1,6730.0,0.0
ORD11665,2024-01-02,CUS0469,Yoga Mat,Accessories,South,Vijayawada,2,1840.0,0.0
ORD11666,2024-01-31,CUS0375,Leather Wallet,Accessories,North,Delhi,6,40998.0,0.0
ORD11667,2024-01-26,CUS0258,Notebook Set,Accessories,South,Hyderabad,7,10962.0,0.1
ORD11668,2024-01-17,CUS0738,Leather Wallet,Accessories,South,Bengaluru,2,4902.0,0.0
ORD11669,2024-01-23,CUS0558,Silk Saree,Apparel,North,Delhi,3,13836.3,0.15
ORD11670,2024-01-06,CUS0153,Desk Lamp,Home,East,Kolkata,7,5376.0,0.0
ORD11671,2024-01-19,CUS0766,Coffee Beans,Grocery,North,Delhi,2,5113.8,0.1
ORD11672,2024-01-29,CUS0048,Notebook Set,Accessories,East,Kolkata,2,2813.9,0.05
ORD11673,2024-01-14,CUS0471,Stainless Bottle,Home,West,Pune,1,2099.0,0.0
ORD11674,2024-01-02,CUS0153,Coffee Beans,Grocery,East,Kolkata,2,13306.0,0.0
ORD11675,2024-01-24,CUS0532,Yoga Mat,Accessories,South,Vijayawada,5,11075.0,0.0
ORD11676,2024-01-23,CUS0331,Cotton Kurta,Apparel,South,Chennai,3,1900.8,0.1
ORD11677,2024-01-23,CUS0350,Notebook Set,Accessories,South,Vijayawada,7,12495.0,0.15
ORD11678,2024-01-21,CUS0538,Denim Jacket,Apparel,South,Vijayawada,7,7399.0,0.0
ORD11679,2024-01-05,GST1167,Smartwatch,Electronics,South,Vijayawada,7,37982.0,0.0
ORD11680,2024-01-04,CUS0305,Denim Jacket,Apparel,South,Chennai,6,49668.0,0.0
ORD11681,2024-01-25,CUS0799,Yoga Mat,Accessories,South,Visakhapatnam,5,8580.0,0.0
ORD11682,2024-01-27,CUS0399,Cotton Kurta,Apparel,South,Visakhapatnam,4,23902.0,0.05
ORD11683,2024-01-03,CUS0129,Stainless Bottle,Home,West,Mumbai,7,23142.0,0.0
ORD11684,2024-01-19,CUS0006,Notebook Set,Accessories,North,Delhi,1,935.0,0.0
ORD11685,2024-01-16,CUS0162,Leather Wallet,Accessories,West,Mumbai,6,30375.6,0.15
ORD11686,2024-01-11,CUS0553,Wireless Earbuds,Electronics,North,Delhi,1,1854.0,0.1
ORD11687,2024-01-20,CUS0432,Notebook Set,Accessories,West,Pune,3,12247.2,0.1
ORD11688,2024-01-29,CUS0271,Smartwatch,Electronics,South,Visakhapatnam,2,8964.0,0.0
ORD11689,2024-01-26,CUS0386,Yoga Mat,Accessories,South,Vijayawada,5,22172.25,0.15
ORD11690,2024-01-05,CUS0671,Office Chair,Home,East,Kolkata,6,8259.3,0.05
ORD11691,2024-01-15,CUS0458,Cotton Kurta,Apparel,West,Mumbai,1,2274.3,0.05
ORD11692,2024-01-30,CUS0047,Cotton Kurta,Apparel,South,Chennai,5,31795.0,0.0
ORD11693,2024-01-08,CUS0040,Denim Jacket,Apparel,West,Mumbai,2,13516.7,0.15
ORD11694,2024-01-27,CUS0386,Coffee Beans,Grocery,South,Vijayawada,1,422.75,0.05
ORD11695,2024-01-16,CUS0324,Coffee Beans,Grocery,East,Kolkata,3,10052.1,0.1
ORD11696,2024-01-17,CUS0681,Smartwatch,Electronics,West,Pune,5,35781.75,0.05
ORD11697,2024-01-08,CUS0467,Coffee Beans,Grocery,South,Vijayawada,2,4838.4,0.1
ORD11698,2024-01-29,CUS0606,Cotton Kurta,Apparel,South,Chennai,3,11394.3,0.05
ORD11699,2024-01-17,CUS0469,Coffee Beans,Grocery,South,Vijayawada,7,45934.0,0.15
ORD11700,2024-01-18,CUS0277,Denim Jacket,Apparel,South,Chennai,3,24741.0,0.0
ORD11701,2024-01-15,CUS0526,Cotton Kurta,Apparel,South,Visakhapatnam,7,39830.0,0.0
ORD11702,2024-01-03,GST1170,Leather Wallet,Accessories,North,Delhi,6,32437.8,0.1
ORD11703,2024-01-25,CUS0577,Smartwatch,Electronics,East,Kolkata,3,15256.05,0.05
ORD11704,2024-01-11,CUS0152,Wireless Earbuds,Electronics,South,Visakhapatnam,5,12639.75,0.05
ORD11705,2024-01-08,CUS0514,Leather Wallet,Accessories,North,Delhi,5,34092.0,0.1
ORD11706,2024-01-25,CUS0229,Wireless Earbuds,Electronics,South,Chennai,4,2382.6,0.05
ORD11707,2024-01-07,CUS0633,Leather Wallet,Accessories,South,Bengaluru,3,2232.9,0.1
ORD11708,2024-01-22,CUS0639,Denim Jacket,Apparel,North,Delhi,3,15762.0,0.0
ORD11709,2024-01-15,CUS0500,Silk Saree,Apparel,South,Bengaluru,1,6100.45,0.15
ORD11710,2024-01-25,CUS0758,Wireless Earbuds,Electronics,South,Bengaluru,1,6986.0,0.0
ORD11711,2024-01-02,GST1171,Stainless Bottle,Home,South,Vijayawada,3,16740.9,0.05
ORD11712,2024-01-25,CUS0021,Denim Jacket,Apparel,South,Chennai,6,17421.6,0.15
ORD11713,2024-01-08,CUS0485,Silk Saree,Apparel,South,Chennai,2,6566.0,0.0
ORD11714,2024-01-27,CUS0623,Yoga Mat,Accessories,South,Vijayawada,2,7638.0,0.0
ORD11715,2024-01-11,CUS0081,Desk Lamp,Home,East,Kolkata,3,7317.0,0.0
ORD11716,2024-01-01,CUS0084,Desk Lamp,Home,North,Delhi,5,17883.75,0.05
ORD11717,2024-01-16,GST1171,Denim Jacket,Apparel,East,Kolkata,2,2408.0,0.0
ORD11718,2024-01-02,GST1171,Cotton Kurta,Apparel,West,Pune,2,5912.0,0.0
ORD11719,2024-01-09,CUS0422,Cotton Kurta,Apparel,West,Pune,1,6816.15,0.15
ORD11720,2024-01-23,CUS0782,Yoga Mat,Accessories,West,Mumbai,3,18333.0,0.0
ORD11721,2024-01-18,CUS0699,Cotton Kurta,Apparel,South,Hyderabad,2,2861.4,0.05
ORD11722,2024-01-22,CUS0444,Denim Jacket,Apparel,South,Chennai,6,15293.1,0.05
ORD11723,2024-01-28,CUS0544,Notebook Set,Accessories,South,Vijayawada,7,17248.0,0.0
ORD11724,2024-01-15,CUS0265,Smartwatch,Electronics,East,Kolkata,3,7935.0,0.0
ORD11725,2024-01-17,CUS0073,Yoga Mat,Accessories,South,Chennai,1,4785.6,0.2
ORD11726,2024-01-02,CUS0319,Smartwatch,Electronics,East,Kolkata,1,7261.8,0.05
ORD11727,2024-01-09,CUS0474,Coffee Beans,Grocery,South,Chennai,3,18411.0,0.0
ORD11728,2024-01-23,CUS0146,Leather Wallet,Accessories,North,Delhi,4,15588.0,0.1
ORD11729,2024-01-02,GST1172,Desk Lamp,Home,South,Visakhapatnam,4,6308.0,0.05
ORD11730,2024-01-12,CUS0012,Yoga Mat,Accessories,East,Kolkata,3,4542.0,0.0
ORD11731,2024-01-05,CUS0588,Smartwatch,Electronics,South,Hyderabad,3,19907.25,0.05
ORD11732,2024-01-27,CUS0720,Coffee Beans,Grocery,West,Mumbai,2,11156.8,0.05
ORD11733,2024-01-18,CUS0662,Smartwatch,Electronics,West,Pune,4,18032.0,0.0
ORD11734,2024-01-20,CUS0304,Notebook Set,Accessories,East,Kolkata,5,21479.5,0.15
ORD11735,2024-01-22,CUS0475,Stainless Bottle,Home,West,Mumbai,1,7264.0,0.0
ORD11736,2024-01-07,CUS0769,Stainless Bottle,Home,South,Vijayawada,4,27928.0,0.0
ORD11737,2024-01-02,CUS0474,Smartwatch,Electronics,South,Chennai,5,5305.0,0.0
ORD11738,2024-01-13,CUS0237,Leather Wallet,Accessories,West,Mumbai,5,16065.0,0.1
ORD11739,2024-01-06,CUS0271,Yoga Mat,Accessories,South,Visakhapatnam,4,2516.4,0.1
ORD11740,2024-01-10,GST1174,Leather Wallet,Accessories,South,Vijayawada,4,11852.4,0.15
ORD11741,2024-01-10,CUS0358,Leather Wallet,Accessories,East,Kolkata,5,27705.0,0.0
ORD11742,2024-01-25,CUS0670,Silk Saree,Apparel,South,Vijayawada,3,5529.6,0.1
ORD11743,2024-01-10,CUS0692,Notebook Set,Accessories,North,Delhi,4,5973.6,0.05
ORD11744,2024-01-05,CUS0029,Notebook Set,Accessories,South,Chennai,3,13053.0,0.0
ORD11745,2024-01-30,CUS0579,Denim Jacket,Apparel,East,Kolkata,4,18512.0,0.0
ORD11746,2024-01-02,CUS0296,Coffee Beans,Grocery,South,Chennai,1,5552.1,0.1
ORD11747,2024-01-07,CUS0416,Office Chair,Home,West,Pune,3,1392.0,0.0
ORD11748,2024-01-11,CUS0212,Wireless Earbuds,Electronics,West,Pune,1,2252.45,0.05
ORD11749,2024-01-02,GST1174,Denim Jacket,Apparel,East,Kolkata,2,12741.4,0.05
ORD11750,2024-01-28,CUS0265,Smartwatch,Electronics,East,Kolkata,3,17724.0,0.0
ORD11751,2024-01-11,CUS0041,Cotton Kurta,Apparel,South,Vijayawada,4,24579.2,0.2
ORD11752,2024-01-25,CUS0627,Yoga Mat,Accessories,South,Bengaluru,7,44037.0,0.1
ORD11753,2024-01-05,CUS0115,Yoga Mat,Accessories,South,Chennai,1,6826.7,0.05
ORD11754,2024-01-17,CUS0301,Yoga Mat,Accessories,South,Bengaluru,7,29998.15,0.05
ORD11755,2024-01-04,CUS0155,Office Chair,Home,South,Bengaluru,3,23256.0,0.05
ORD11756,2024-01-08,CUS0129,Smartwatch,Electronics,West,Mumbai,6,20190.6,0.1
ORD11757,2024-01-13,CUS0299,Yoga Mat,Accessories,South,Visakhapatnam,5,38550.0,0.0
ORD11758,2024-01-27,GST1175,Notebook Set,Accessories,South,Chennai,7,24801.0,0.0
ORD11759,2024-01-10,CUS0756,Silk Saree,Apparel,South,Bengaluru,1,3968.0,0.0
ORD11760,2024-01-24,CUS0306,Smartwatch,Electronics,South,Vijayawada,7,39487.7,0.05
ORD11761,2024-01-03,CUS0405,Coffee Beans,Grocery,South,Chennai,1,3416.2,0.05
ORD11762,2024-01-08,CUS0789,Notebook Set,Accessories,South,Chennai,7,10836.0,0.0
ORD11763,2024-01-19,CUS0188,Coffee Beans,Grocery,South,Bengaluru,5,30612.0,0.2
ORD11764,2024-01-15,CUS0756,Denim Jacket,Apparel,South,Bengaluru,4,16164.0,0.0
ORD11765,2024-01-16,CUS0085,Desk Lamp,Home,West,Mumbai,3,23712.0,0.0
ORD11766,2024-01-22,CUS0181,Silk Saree,Apparel,East,Kolkata,1,3602.0,0.0
ORD11767,2024-01-03,CUS0271,Notebook Set,Accessories,South,Visakhapatnam,6,47184.6,0.05
ORD11768,2024-01-22,CUS0030,Office Chair,Home,South,Bengaluru,6,31578.0,0.0
ORD11769,2024-01-27,CUS0653,Denim Jacket,Apparel,South,Vijayawada,7,43963.15,0.05
ORD11770,2024-01-24,CUS0685,Silk Saree,Apparel,South,Vijayawada,6,35137.8,0.1
ORD11771,2024-01-09,CUS0307,Yoga Mat,Accessories,South,Visakhapatnam,7,13972.0,0.0
ORD11772,2024-01-11,CUS0670,Leather Wallet,Accessories,South,Vijayawada,7,39177.6,0.2
ORD11773,2024-01-30,GST1177,Notebook Set,Accessories,North,Delhi,3,24153.0,0.0
ORD11774,2024-01-25,CUS0642,Coffee Beans,Grocery,East,Kolkata,5,27255.5,0.05
ORD11775,2024-01-29,CUS0643,Leather Wallet,Accessories,North,Delhi,2,16138.0,0.0
ORD11776,2024-01-29,CUS0459,Leather Wallet,Accessories,North,Delhi,6,39123.0,0.1
ORD11777,2024-01-14,CUS0089,Leather Wallet,Accessories,West,Pune,5,26001.0,0.1
ORD11778,2024-01-05,CUS0739,Coffee Beans,Grocery,West,Pune,4,16956.0,0.0
ORD11779,2024-01-08,CUS0487,Desk Lamp,Home,South,Bengaluru,5,36680.0,0.0
ORD11780,2024-01-10,CUS0722,Leather Wallet,Accessories,East,Kolkata,2,3722.0,0.0
ORD11781,2024-01-26,CUS0768,Leather Wallet,Accessories,South,Chennai,5,24615.0,0.0
ORD11782,2024-01-09,CUS0150,Silk Saree,Apparel,South,Hyderabad,4,22393.6,0.2
ORD11783,2024-01-12,CUS0322,Yoga Mat,Accessories,South,Hyderabad,3,22925.4,0.05
ORD11784,2024-01-27,CUS0154,Smartwatch,Electronics,South,Visakhapatnam,7,16804.55,0.05
ORD11785,2024-01-06,CUS0041,Silk Saree,Apparel,South,Vijayawada,1,892.0,0.2
ORD11786,2024-01-21,CUS0774,Denim Jacket,Apparel,West,Pune,6,16556.4,0.1
ORD11787,2024-01-18,CUS0739,Silk Saree,Apparel,West,Pune,2,13303.8,0.1
ORD11788,2024-01-31,CUS0746,Notebook Set,Accessories,South,Bengaluru,2,9238.0,0.0
ORD11789,2024-01-16,CUS0707,Leather Wallet,Accessories,South,Hyderabad,2,1604.0,0.0
ORD11790,2024-01-17,CUS0520,Silk Saree,Apparel,West,Mumbai,1,1322.0,0.0
ORD11791,2024-01-27,CUS0418,Stainless Bottle,Home,South,Vijayawada,1,3113.0,0.0
ORD11792,2024-01-31,CUS0794,Stainless Bottle,Home,North,Delhi,6,18858.0,0.0
ORD11793,2024-01-23,CUS0442,Office Chair,Home,South,Visakhapatnam,7,10164.0,0.0
ORD11794,2024-01-22,CUS0514,Stainless Bottle,Home,North,Delhi,5,21885.0,0.0
ORD11795,2024-01-28,CUS0170,Notebook Set,Accessories,South,Hyderabad,1,4254.0,0.0
ORD11796,2024-01-31,CUS0598,Office Chair,Home,North,Delhi,7,13818.0,0.0
ORD11797,2024-01-23,CUS0656,Stainless Bottle,Home,South,Chennai,5,11210.0,0.0
ORD11798,2024-01-10,CUS0543,Office Chair,Home,South,Vijayawada,4,23060.0,0.0
ORD11799,2024-01-20,CUS0399,Smartwatch,Electronics,South,Visakhapatnam,7,53924.85,0.05
ORD11800,2024-01-08,GST1180,Notebook Set,Accessories,North,Delhi,3,22871.7,0.1
ORD11801,2024-01-16,CUS0028,Smartwatch,Electronics,North,Delhi,3,13251.6,0.1
ORD11802,2024-01-14,CUS0502,Leather Wallet,Accessories,West,Mumbai,6,3978.0,0.0
ORD11803,2024-01-31,CUS0547,Stainless Bottle,Home,South,Bengaluru,4,30664.0,0.0
ORD11804,2024-01-18,CUS0619,Yoga Mat,Accessories,South,Hyderabad,6,48576.0,0.0
ORD11805,2024-01-30,CUS0761,Leather Wallet,Accessories,South,Vijayawada,5,13080.0,0.0
ORD11806,2024-01-26,CUS0398,Yoga Mat,Accessories,South,Vijayawada,6,21672.0,0.0
ORD11807,2024-01-27,CUS0664,Office Chair,Home,South,Vijayawada,3,1346.4,0.2
ORD11808,2024-01-06,CUS0574,Stainless Bottle,Home,South,Hyderabad,1,6879.0,0.0
ORD11809,2024-01-25,CUS0222,Office Chair,Home,South,Chennai,4,26684.0,0.0
ORD11810,2024-01-08,CUS0677,Smartwatch,Electronics,West,Mumbai,5,2331.0,0.1
ORD11811,2024-01-18,CUS0043,Yoga Mat,Accessories,West,Pune,6,34621.8,0.05
ORD11812,2024-01-16,CUS0480,Notebook Set,Accessories,South,Hyderabad,2,7412.0,0.0
ORD11813,2024-01-09,CUS0753,Yoga Mat,Accessories,South,Hyderabad,6,28770.0,0.0
ORD11814,2024-01-31,CUS0528,Leather Wallet,Accessories,South,Vijayawada,6,10857.9,0.15
ORD11815,2024-01-28,CUS0750,Leather Wallet,Accessories,South,Vijayawada,6,41970.0,0.0
ORD11816,2024-01-18,CUS0045,Smartwatch,Electronics,South,Hyderabad,6,20776.5,0.05
ORD11817,2024-01-01,CUS0426,Cotton Kurta,Apparel,South,Vijayawada,7,45334.8,0.1
ORD11818,2024-01-06,CUS0625,Smartwatch,Electronics,West,Mumbai,5,7790.0,0.0
ORD11819,2024-01-08,CUS0514,Leather Wallet,Accessories,North,Delhi,3,13880.7,0.1
ORD11820,2024-01-31,CUS0705,Leather Wallet,Accessories,South,Vijayawada,4,11508.0,0.0
ORD11821,2024-01-13,CUS0371,Office Chair,Home,South,Bengaluru,6,49332.0,0.0
ORD11822,2024-01-02,CUS0547,Leather Wallet,Accessories,South,Bengaluru,2,9776.0,0.0
ORD11823,2024-01-19,CUS0336,Cotton Kurta,Apparel,North,Delhi,5,24860.0,0.2
ORD11824,2024-01-30,CUS0698,Stainless Bottle,Home,West,Mumbai,5,5260.0,0.0
ORD11825,2024-01-18,CUS0096,Yoga Mat,Accessories,South,Visakhapatnam,5,29330.0,0.0
ORD11826,2024-01-14,CUS0204,Office Chair,Home,West,Pune,3,2991.15,0.15
ORD11827,2024-01-06,CUS0078,Yoga Mat,Accessories,South,Visakhapatnam,6,19770.0,0.0
ORD11828,2024-01-28,CUS0562,Desk Lamp,Home,South,Hyderabad,1,1838.55,0.15
ORD11829,2024-01-04,CUS0187,Office Chair,Home,South,Vijayawada,6,2097.6,0.05
ORD11830,2024-01-29,CUS0254,Stainless Bottle,Home,South,Visakhapatnam,6,29229.6,0.05
ORD11831,2024-01-07,CUS0670,Leather Wallet,Accessories,South,Vijayawada,7,14571.9,0.1
ORD11832,2024-01-05,CUS0289,Denim Jacket,Apparel,South,Chennai,7,28520.1,0.1
ORD11833,2024-01-11,CUS0117,Wireless Earbuds,Electronics,South,Hyderabad,3,19725.0,0.0
ORD11834,2024-01-01,CUS0017,Desk Lamp,Home,South,Chennai,1,1440.8,0.2
ORD11835,2024-01-01,CUS0182,Denim Jacket,Apparel,South,Vijayawada,5,26073.75,0.15
ORD11836,2024-01-06,CUS0732,Smartwatch,Electronics,South,Bengaluru,1,2354.5,0.15
ORD11837,2024-01-22,CUS0439,Smartwatch,Electronics,South,Hyderabad,2,5789.3,0.05
ORD11838,2024-01-26,CUS0796,Wireless Earbuds,Electronics,South,Visakhapatnam,5,23997.0,0.05
ORD11839,2024-01-08,CUS0173,Smartwatch,Electronics,West,Pune,5,25878.0,0.05
ORD11840,2024-01-20,GST1184,Office Chair,Home,South,Hyderabad,5,28455.0,0.0
ORD11841,2024-01-11,GST1184,Yoga Mat,Accessories,West,Pune,6,11063.7,0.05
ORD11842,2024-01-14,CUS0319,Wireless Earbuds,Electronics,East,Kolkata,2,9638.7,0.05
ORD11843,2024-01-11,CUS0451,Notebook Set,Accessories,East,Kolkata,6,14238.6,0.05
ORD11844,2024-01-28,CUS0647,Desk Lamp,Home,South,Chennai,5,13030.0,0.0
ORD11845,2024-01-16,CUS0295,Yoga Mat,Accessories,South,Chennai,3,23002.35,0.05
ORD11846,2024-01-16,CUS0618,Silk Saree,Apparel,South,Visakhapatnam,4,4453.6,0.05
ORD11847,2024-01-27,CUS0501,Denim Jacket,Apparel,South,Vijayawada,4,14868.0,0.0
ORD11848,2024-01-21,CUS0234,Desk Lamp,Home,West,Pune,4,12576.0,0.2
ORD11849,2024-01-05,CUS0730,Smartwatch,Electronics,West,Mumbai,3,6334.2,0.1
ORD11850,2024-01-06,GST1185,Desk Lamp,Home,South,Bengaluru,2,13500.0,0.0
ORD11851,2024-01-11,CUS0121,Silk Saree,Apparel,South,Bengaluru,2,8638.0,0.0
ORD11852,2024-01-04,GST1185,Desk Lamp,Home,East,Kolkata,3,17707.05,0.05
ORD11853,2024-01-22,CUS0731,Yoga Mat,Accessories,West,Pune,2,7008.0,0.0
ORD11854,2024-01-16,CUS0040,Yoga Mat,Accessories,West,Mumbai,4,27568.8,0.1
ORD11855,2024-01-02,CUS0722,Denim Jacket,Apparel,East,Kolkata,7,44065.0,0.0
ORD11856,2024-01-13,CUS0758,Smartwatch,Electronics,South,Bengaluru,1,3065.0,0.0
ORD11857,2024-01-26,CUS0664,Office Chair,Home,South,Vijayawada,3,24573.0,0.0
ORD11858,2024-01-29,GST1185,Office Chair,Home,South,Vijayawada,1,6660.0,0.1
ORD11859,2024-01-30,CUS0506,Leather Wallet,Accessories,South,Chennai,7,28963.2,0.2
ORD11860,2024-01-29,CUS0431,Smartwatch,Electronics,South,Hyderabad,5,2057.0,0.15
ORD11861,2024-01-19,CUS0497,Yoga Mat,Accessories,South,Vijayawada,2,9817.3,0.05
ORD11862,2024-01-29,CUS0494,Notebook Set,Accessories,West,Mumbai,3,16146.0,0.1
ORD11863,2024-01-30,CUS0512,Wireless Earbuds,Electronics,West,Pune,6,19938.0,0.0
ORD11864,2024-01-20,CUS0412,Leather Wallet,Accessories,South,Visakhapatnam,7,10121.3,0.05
ORD11865,2024-01-13,CUS0553,Wireless Earbuds,Electronics,North,Delhi,5,21041.75,0.15
ORD11866,2024-01-30,CUS0422,Smartwatch,Electronics,West,Pune,2,13764.0,0.0
ORD11867,2024-01-13,GST1186,Stainless Bottle,Home,South,Hyderabad,5,11808.0,0.2
ORD11868,2024-01-06,CUS0029,Stainless Bottle,Home,South,Chennai,5,20340.0,0.0
ORD11869,2024-01-04,CUS0767,Office Chair,Home,West,Mumbai,5,1790.0,0.0
ORD11870,2024-01-18,CUS0728,Denim Jacket,Apparel,South,Hyderabad,1,5781.7,0.05
ORD11871,2024-01-02,CUS0469,Silk Saree,Apparel,South,Vijayawada,5,31484.0,0.15
ORD11872,2024-01-04,CUS0140,Notebook Set,Accessories,South,Bengaluru,1,6677.0,0.0
ORD11873,2024-01-08,CUS0626,Notebook Set,Accessories,South,Visakhapatnam,7,24248.7,0.1
ORD11874,2024-01-17,CUS0115,Notebook Set,Accessories,South,Chennai,7,5019.0,0.0
ORD11875,2024-01-15,CUS0302,Office Chair,Home,North,Delhi,4,15696.0,0.1
ORD11876,2024-01-16,CUS0264,Notebook Set,Accessories,East,Kolkata,5,38066.5,0.05
ORD11877,2024-01-16,GST1187,Desk Lamp,Home,West,Mumbai,1,1030.0,0.0
ORD11878,2024-01-31,CUS0646,Cotton Kurta,Apparel,South,Visakhapatnam,7,13185.9,0.1
ORD11879,2024-01-07,GST1187,Denim Jacket,Apparel,South,Chennai,2,12909.6,0.1
ORD11880,2024-01-15,CUS0254,Wireless Earbuds,Electronics,South,Visakhapatnam,2,9462.0,0.05
ORD11881,2024-01-19,CUS0406,Smartwatch,Electronics,South,Chennai,5,8690.0,0.0
ORD11882,2024-01-09,CUS0001,Coffee Beans,Grocery,South,Hyderabad,7,3829.0,0.0
ORD11883,2024-01-06,CUS0350,Wireless Earbuds,Electronics,South,Vijayawada,4,11827.2,0.2
ORD11884,2024-01-02,CUS0416,Stainless Bottle,Home,West,Pune,4,19752.4,0.05
ORD11885,2024-01-11,CUS0272,Wireless Earbuds,Electronics,South,Hyderabad,4,25912.8,0.1
ORD11886,2024-01-08,CUS0665,Stainless Bottle,Home,West,Mumbai,3,21523.2,0.05
ORD11887,2024-01-07,CUS0200,Office Chair,Home,East,Kolkata,5,18360.0,0.1
ORD11888,2024-01-09,CUS0111,Silk Saree,Apparel,South,Visakhapatnam,7,26551.0,0.0
ORD11889,2024-01-22,CUS0423,Desk Lamp,Home,West,Pune,3,22623.3,0.05
ORD11890,2024-01-26,CUS0710,Silk Saree,Apparel,South,Chennai,6,38081.7,0.05
ORD11891,2024-01-17,CUS0301,Notebook Set,Accessories,South,Bengaluru,6,12330.0,0.0
ORD11892,2024-01-03,CUS0038,Yoga Mat,Accessories,North,Delhi,6,35412.0,0.0
ORD11893,2024-01-23,CUS0776,Coffee Beans,Grocery,East,Kolkata,6,35220.3,0.05
ORD11894,2024-01-05,CUS0356,Notebook Set,Accessories,East,Kolkata,7,13423.2,0.15
ORD11895,2024-01-02,CUS0139,Denim Jacket,Apparel,South,Bengaluru,6,47424.0,0.05
ORD11896,2024-01-18,CUS0493,Yoga Mat,Accessories,West,Pune,7,19383.0,0.0
ORD11897,2024-01-14,CUS0256,Silk Saree,Apparel,South,Vijayawada,6,23179.2,0.2
ORD11898,2024-01-10,CUS0751,Coffee Beans,Grocery,East,Kolkata,6,26238.0,0.0
ORD11899,2024-01-30,CUS0236,Leather Wallet,Accessories,West,Pune,7,41937.0,0.0
ORD11900,2024-01-03,CUS0441,Yoga Mat,Accessories,East,Kolkata,7,43108.8,0.2
ORD11901,2024-01-02,CUS0435,Coffee Beans,Grocery,South,Bengaluru,5,15993.0,0.1
ORD11902,2024-01-19,CUS0194,Notebook Set,Accessories,South,Bengaluru,5,14802.75,0.15
ORD11903,2024-01-13,CUS0400,Notebook Set,Accessories,South,Visakhapatnam,7,40779.9,0.1
ORD11904,2024-01-25,CUS0088,Silk Saree,Apparel,South,Visakhapatnam,3,23116.35,0.05
ORD11905,2024-01-02,CUS0515,Cotton Kurta,Apparel,East,Kolkata,1,7757.0,0.0
ORD11906,2024-01-14,CUS0607,Coffee Beans,Grocery,South,Visakhapatnam,7,45388.0,0.0
ORD11907,2024-01-05,CUS0761,Wireless Earbuds,Electronics,South,Vijayawada,5,25835.75,0.15
ORD11908,2024-01-02,CUS0261,Desk Lamp,Home,North,Delhi,3,16868.25,0.15
ORD11909,2024-01-15,CUS0229,Cotton Kurta,Apparel,South,Chennai,6,47862.0,0.0
ORD11910,2024-01-23,CUS0440,Stainless Bottle,Home,South,Bengaluru,1,436.0,0.0
ORD11911,2024-01-05,CUS0555,Leather Wallet,Accessories,East,Kolkata,4,20588.0,0.0
ORD11912,2024-01-27,CUS0794,Notebook Set,Accessories,North,Delhi,2,1254.0,0.0
ORD11913,2024-01-17,CUS0021,Office Chair,Home,South,Chennai,3,12885.15,0.15
ORD11914,2024-01-15,CUS0191,Stainless Bottle,Home,West,Pune,7,24962.0,0.0
ORD11915,2024-01-29,CUS0210,Office Chair,Home,North,Delhi,4,11328.0,0.0
ORD11916,2024-01-11,CUS0205,Desk Lamp,Home,South,Chennai,1,6469.35,0.15
ORD11917,2024-01-07,CUS0371,Office Chair,Home,South,Bengaluru,3,17479.05,0.05
ORD11918,2024-01-25,CUS0699,Coffee Beans,Grocery,South,Hyderabad,2,9450.6,0.05
ORD11919,2024-01-04,CUS0025,Wireless Earbuds,Electronics,North,Delhi,7,52759.0,0.0
ORD11920,2024-01-28,CUS0653,Desk Lamp,Home,South,Vijayawada,3,3441.0,0.0
ORD11921,2024-01-26,CUS0495,Stainless Bottle,Home,South,Visakhapatnam,3,16851.0,0.0
ORD11922,2024-01-31,CUS0493,Office Chair,Home,West,Pune,3,4869.0,0.0
ORD11923,2024-01-15,CUS0543,Cotton Kurta,Apparel,South,Vijayawada,2,4498.0,0.0
ORD11924,2024-01-20,CUS0093,Wireless Earbuds,Electronics,North,Delhi,6,11154.0,0.0
ORD11925,2024-01-28,CUS0598,Stainless Bottle,Home,North,Delhi,5,23920.0,0.0
ORD11926,2024-01-05,CUS0199,Yoga Mat,Accessories,South,Bengaluru,4,21904.0,0.0
ORD11927,2024-01-10,CUS0414,Yoga Mat,Accessories,South,Vijayawada,3,15624.0,0.2
ORD11928,2024-01-15,CUS0542,Coffee Beans,Grocery,South,Hyderabad,5,19705.0,0.0
ORD11929,2024-01-20,CUS0484,Yoga Mat,Accessories,North,Delhi,1,8005.0,0.0
ORD11930,2024-01-22,CUS0259,Office Chair,Home,South,Vijayawada,7,20194.3,0.15
ORD11931,2024-01-29,CUS0317,Wireless Earbuds,Electronics,West,Pune,4,6504.0,0.0
ORD11932,2024-01-16,CUS0382,Smartwatch,Electronics,East,Kolkata,2,1229.3,0.05
ORD11933,2024-01-06,CUS0034,Leather Wallet,Accessories,South,Chennai,4,5000.4,0.1
ORD11934,2024-01-06,CUS0581,Desk Lamp,Home,South,Hyderabad,6,22668.9,0.05
ORD11935,2024-01-25,GST1193,Yoga Mat,Accessories,South,Chennai,2,7430.0,0.0
ORD11936,2024-01-15,CUS0367,Silk Saree,Apparel,South,Chennai,4,26319.6,0.1
ORD11937,2024-01-20,CUS0524,Silk Saree,Apparel,North,Delhi,5,6521.75,0.05
ORD11938,2024-01-18,CUS0065,Denim Jacket,Apparel,South,Bengaluru,6,14922.0,0.0
ORD11939,2024-01-26,CUS0797,Denim Jacket,Apparel,East,Kolkata,4,33360.0,0.0
ORD11940,2024-01-07,CUS0302,Stainless Bottle,Home,North,Delhi,6,3492.0,0.0
ORD11941,2024-01-06,GST1194,Stainless Bottle,Home,South,Visakhapatnam,6,20563.2,0.1
ORD11942,2024-01-23,CUS0527,Office Chair,Home,East,Kolkata,7,13755.0,0.0
ORD11943,2024-01-14,GST1194,Wireless Earbuds,Electronics,South,Chennai,3,14094.0,0.0
ORD11944,2024-01-26,CUS0513,Office Chair,Home,North,Delhi,5,39353.75,0.05
ORD11945,2024-01-04,CUS0601,Silk Saree,Apparel,West,Mumbai,2,3740.0,0.15
ORD11946,2024-01-09,CUS0381,Desk Lamp,Home,South,Hyderabad,6,20208.0,0.0
ORD11947,2024-01-30,CUS0662,Silk Saree,Apparel,West,Pune,7,28070.0,0.0
ORD11948,2024-01-27,CUS0297,Cotton Kurta,Apparel,North,Delhi,3,20571.0,0.0
ORD11949,2024-01-02,CUS0437,Silk Saree,Apparel,West,Mumbai,4,31825.0,0.05
ORD11950,2024-01-26,CUS0127,Silk Saree,Apparel,South,Hyderabad,6,6475.2,0.05
ORD11951,2024-01-03,CUS0496,Desk Lamp,Home,South,Bengaluru,1,3682.2,0.15
ORD11952,2024-01-04,CUS0210,Office Chair,Home,North,Delhi,5,32415.0,0.0
ORD11953,2024-01-28,CUS0558,Stainless Bottle,Home,North,Delhi,6,2526.0,0.0
ORD11954,2024-01-04,CUS0641,Desk Lamp,Home,West,Pune,7,48433.0,0.0
ORD11955,2024-01-10,CUS0688,Denim Jacket,Apparel,West,Mumbai,2,4652.0,0.0
ORD11956,2024-01-05,CUS0744,Cotton Kurta,Apparel,South,Visakhapatnam,6,26071.8,0.05
ORD11957,2024-01-19,CUS0098,Yoga Mat,Accessories,West,Pune,6,44949.6,0.1
ORD11958,2024-01-02,CUS0111,Coffee Beans,Grocery,South,Visakhapatnam,1,5526.0,0.0
ORD11959,2024-01-09,CUS0741,Wireless Earbuds,Electronics,North,Delhi,5,37845.0,0.1
ORD11960,2024-01-11,CUS0305,Denim Jacket,Apparel,South,Chennai,5,26340.0,0.0
ORD11961,2024-01-21,CUS0021,Wireless Earbuds,Electronics,South,Chennai,7,13732.25,0.05
ORD11962,2024-01-16,CUS0230,Denim Jacket,Apparel,South,Vijayawada,1,5994.0,0.0
ORD11963,2024-01-06,CUS0669,Denim Jacket,Apparel,East,Kolkata,7,35670.6,0.05
ORD11964,2024-01-15,CUS0284,Desk Lamp,Home,South,Chennai,4,11528.0,0.0
ORD11965,2024-01-15,CUS0062,Leather Wallet,Accessories,West,Pune,2,1561.6,0.2
ORD11966,2024-01-11,CUS0578,Yoga Mat,Accessories,South,Chennai,3,14361.6,0.15
ORD11967,2024-01-17,CUS0156,Coffee Beans,Grocery,West,Mumbai,6,27302.4,0.1
ORD11968,2024-01-11,CUS0283,Smartwatch,Electronics,West,Pune,7,39597.25,0.15
ORD11969,2024-01-11,CUS0004,Desk Lamp,Home,South,Bengaluru,3,4128.0,0.0
ORD11970,2024-01-25,CUS0482,Smartwatch,Electronics,North,Delhi,7,31521.0,0.05
ORD11971,2024-01-08,CUS0357,Cotton Kurta,Apparel,South,Vijayawada,5,35110.0,0.0
ORD11972,2024-01-11,GST1197,Smartwatch,Electronics,East,Kolkata,2,12942.1,0.15
ORD11973,2024-01-05,CUS0268,Wireless Earbuds,Electronics,South,Bengaluru,5,40035.0,0.0
ORD11974,2024-01-22,CUS0164,Desk Lamp,Home,South,Bengaluru,6,12462.0,0.0
ORD11975,2024-01-22,CUS0133,Silk Saree,Apparel,South,Hyderabad,1,1671.05,0.05
ORD11976,2024-01-22,CUS0161,Yoga Mat,Accessories,East,Kolkata,1,5044.0,0.0
ORD11977,2024-01-06,CUS0361,Notebook Set,Accessories,North,Delhi,1,3708.9,0.1
ORD11978,2024-01-14,GST1197,Coffee Beans,Grocery,West,Pune,4,9036.0,0.0
ORD11979,2024-01-10,CUS0322,Silk Saree,Apparel,South,Hyderabad,1,1121.95,0.05
ORD11980,2024-01-24,CUS0684,Silk Saree,Apparel,East,Kolkata,7,9044.0,0.15
ORD11981,2024-01-11,GST1198,Coffee Beans,Grocery,East,Kolkata,1,2957.35,0.05
ORD11982,2024-01-13,CUS0510,Notebook Set,Accessories,South,Visakhapatnam,1,6376.0,0.0
ORD11983,2024-01-15,CUS0715,Stainless Bottle,Home,East,Kolkata,2,1760.0,0.0
ORD11984,2024-01-24,CUS0625,Wireless Earbuds,Electronics,West,Mumbai,6,7242.0,0.0
ORD11985,2024-01-22,CUS0523,Office Chair,Home,South,Vijayawada,7,17542.0,0.0
ORD11986,2024-01-26,CUS0691,Office Chair,Home,East,Kolkata,2,14193.0,0.05
ORD11987,2024-01-14,CUS0100,Notebook Set,Accessories,South,Vijayawada,4,33680.0,0.0
ORD11988,2024-01-26,CUS0655,Office Chair,Home,South,Chennai,6,23622.0,0.0
ORD11989,2024-01-28,CUS0237,Cotton Kurta,Apparel,West,Mumbai,6,4278.0,0.0
ORD11990,2024-01-17,CUS0587,Yoga Mat,Accessories,West,Pune,2,759.9,0.15
ORD11991,2024-01-22,CUS0731,Leather Wallet,Accessories,West,Pune,6,44100.0,0.0
ORD11992,2024-01-29,CUS0397,Wireless Earbuds,Electronics,South,Hyderabad,7,27818.0,0.0
ORD11993,2024-01-26,CUS0071,Silk Saree,Apparel,North,Delhi,6,5591.7,0.05
ORD11994,2024-01-09,CUS0297,Silk Saree,Apparel,North,Delhi,4,28568.0,0.0
ORD11995,2024-01-23,CUS0326,Notebook Set,Accessories,South,Visakhapatnam,3,11885.55,0.15
ORD11996,2024-01-14,CUS0750,Desk Lamp,Home,South,Vijayawada,7,22400.0,0.0
ORD11997,2024-01-05,CUS0755,Office Chair,Home,South,Chennai,7,26826.1,0.05
ORD11998,2024-01-12,CUS0455,Coffee Beans,Grocery,West,Mumbai,4,8299.2,0.05
ORD11999,2024-01-31,CUS0761,Cotton Kurta,Apparel,South,Vijayawada,6,42886.8,0.1
ORD12000,2024-01-30,CUS0350,Denim Jacket,Apparel,South,Vijayawada,3,19294.5,0.05
ORD12001,2024-01-25,CUS0329,Leather Wallet,Accessories,South,Vijayawada,6,10648.8,0.1
ORD12002,2024-01-31,CUS0670,Office Chair,Home,South,Vijayawada,1,6339.0,0.0
ORD12003,2024-01-18,CUS0534,Cotton Kurta,Apparel,South,Visakhapatnam,7,12063.1,0.05
ORD12004,2024-01-24,CUS0418,Yoga Mat,Accessories,South,Vijayawada,4,14558.4,0.1
ORD12005,2024-01-06,CUS0366,Silk Saree,Apparel,South,Chennai,5,30647.0,0.05
ORD12006,2024-01-10,CUS0565,Leather Wallet,Accessories,East,Kolkata,2,1227.4,0.05
ORD12007,2024-01-06,CUS0603,Leather Wallet,Accessories,West,Pune,4,25056.0,0.0
ORD12008,2024-01-30,CUS0393,Leather Wallet,Accessories,South,Bengaluru,1,2191.0,0.0
ORD12009,2024-01-20,CUS0026,Desk Lamp,Home,West,Mumbai,7,42336.0,0.0
ORD12010,2024-01-29,CUS0082,Wireless Earbuds,Electronics,South,Bengaluru,6,26508.0,0.0
ORD12011,2024-01-13,CUS0116,Notebook Set,Accessories,West,Mumbai,4,2248.0,0.0
ORD12012,2024-01-13,CUS0370,Office Chair,Home,West,Pune,6,39354.0,0.0
ORD12013,2024-01-21,CUS0492,Stainless Bottle,Home,North,Delhi,6,14067.6,0.05
ORD12014,2024-01-18,CUS0644,Silk Saree,Apparel,South,Chennai,1,7299.9,0.1
ORD12015,2024-01-12,CUS0187,Stainless Bottle,Home,South,Vijayawada,1,6835.25,0.05
ORD12016,2024-01-10,CUS0630,Office Chair,Home,South,Bengaluru,2,3649.9,0.05
ORD12017,2024-01-16,CUS0533,Wireless Earbuds,Electronics,South,Vijayawada,1,5246.0,0.0
ORD12018,2024-01-03,CUS0042,Leather Wallet,Accessories,West,Pune,5,16500.0,0.0
ORD12019,2024-01-06,CUS0281,Silk Saree,Apparel,South,Visakhapatnam,4,19976.6,0.05
ORD12020,2024-01-02,CUS0243,Yoga Mat,Accessories,South,Hyderabad,4,17600.4,0.1
ORD12021,2024-01-05,CUS0710,Coffee Beans,Grocery,South,Chennai,1,2484.9,0.1
ORD12022,2024-01-07,CUS0737,Office Chair,Home,West,Pune,7,37625.7,0.05
ORD12023,2024-01-03,CUS0656,Silk Saree,Apparel,South,Chennai,7,15561.0,0.1
ORD12024,2024-01-02,GST1202,Office Chair,Home,South,Visakhapatnam,5,34848.0,0.1
ORD12025,2024-01-26,CUS0395,Office Chair,Home,West,Pune,1,7257.6,0.1
ORD12026,2024-01-06,CUS0250,Office Chair,Home,South,Hyderabad,3,4595.4,0.1
ORD12027,2024-01-18,CUS0619,Wireless Earbuds,Electronics,South,Hyderabad,6,37686.0,0.0
ORD12028,2024-01-04,CUS0070,Stainless Bottle,Home,South,Chennai,6,47544.0,0.0
ORD12029,2024-01-30,CUS0217,Wireless Earbuds,Electronics,South,Hyderabad,2,2766.0,0.0
ORD12030,2024-01-08,CUS0109,Office Chair,Home,South,Chennai,6,36348.9,0.05
ORD12031,2024-01-24,CUS0396,Stainless Bottle,Home,North,Delhi,7,50349.6,0.1
ORD12032,2024-01-20,CUS0240,Stainless Bottle,Home,West,Mumbai,4,8736.0,0.0
ORD12033,2024-01-24,CUS0158,Leather Wallet,Accessories,West,Mumbai,3,15288.0,0.0
ORD12034,2024-01-20,CUS0302,Notebook Set,Accessories,North,Delhi,4,24667.2,0.1
ORD12035,2024-01-16,CUS0689,Leather Wallet,Accessories,South,Chennai,1,3066.0,0.0
ORD12036,2024-01-24,CUS0447,Leather Wallet,Accessories,South,Visakhapatnam,4,8236.8,0.1
ORD12037,2024-01-26,GST1203,Notebook Set,Accessories,North,Delhi,1,3586.0,0.0
ORD12038,2024-01-12,CUS0732,Denim Jacket,Apparel,South,Bengaluru,1,3083.0,0.0
ORD12039,2024-01-30,CUS0722,Wireless Earbuds,Electronics,East,Kolkata,4,25048.0,0.0
ORD12040,2024-01-31,CUS0281,Office Chair,Home,South,Visakhapatnam,4,13492.0,0.0
ORD12041,2024-01-23,CUS0702,Desk Lamp,Home,West,Mumbai,7,23912.0,0.0
ORD12042,2024-01-29,CUS0728,Yoga Mat,Accessories,South,Hyderabad,4,32188.0,0.0
ORD12043,2024-01-04,CUS0768,Cotton Kurta,Apparel,South,Chennai,7,35462.0,0.0
ORD12044,2024-01-17,GST1204,Silk Saree,Apparel,South,Bengaluru,6,47544.0,0.0
ORD12045,2024-01-21,GST1204,Yoga Mat,Accessories,East,Kolkata,3,16578.0,0.1
ORD12046,2024-01-29,CUS0468,Leather Wallet,Accessories,West,Mumbai,7,52948.0,0.0
ORD12047,2024-01-04,CUS0746,Wireless Earbuds,Electronics,South,Bengaluru,4,7768.0,0.0
ORD12048,2024-01-25,CUS0721,Wireless Earbuds,Electronics,South,Vijayawada,5,39980.0,0.0
ORD12049,2024-01-03,CUS0457,Office Chair,Home,South,Vijayawada,1,6838.25,0.15
ORD12050,2024-01-12,CUS0120,Desk Lamp,Home,South,Vijayawada,2,1227.6,0.1
ORD12051,2024-01-22,CUS0338,Denim Jacket,Apparel,South,Visakhapatnam,4,10406.4,0.2
ORD12052,2024-01-10,CUS0572,Office Chair,Home,South,Bengaluru,2,6320.6,0.15
ORD12053,2024-01-26,CUS0449,Leather Wallet,Accessories,South,Chennai,5,18835.0,0.0
ORD12054,2024-01-29,CUS0277,Yoga Mat,Accessories,South,Chennai,1,6358.35,0.05
ORD12055,2024-01-05,CUS0275,Leather Wallet,Accessories,South,Bengaluru,2,12084.0,0.0
ORD12056,2024-01-09,CUS0048,Stainless Bottle,Home,East,Kolkata,5,8861.25,0.15
ORD12057,2024-01-03,CUS0231,Notebook Set,Accessories,South,Chennai,5,26555.0,0.0
ORD12058,2024-01-23,GST1205,Denim Jacket,Apparel,North,Delhi,7,58051.0,0.0
ORD12059,2024-01-28,CUS0194,Cotton Kurta,Apparel,South,Bengaluru,7,23419.2,0.15
ORD12060,2024-01-19,CUS0795,Silk Saree,Apparel,South,Bengaluru,6,42735.6,0.1
ORD12061,2024-01-05,CUS0066,Coffee Beans,Grocery,South,Visakhapatnam,1,4516.0,0.2
ORD12062,2024-01-06,CUS0472,Stainless Bottle,Home,North,Delhi,5,39440.0,0.0
ORD12063,2024-01-02,CUS0398,Denim Jacket,Apparel,South,Vijayawada,2,15416.0,0.0
ORD12064,2024-01-16,CUS0667,Notebook Set,Accessories,South,Chennai,2,970.0,0.0
ORD12065,2024-01-23,CUS0711,Wireless Earbuds,Electronics,West,Pune,2,13744.0,0.0
ORD12066,2024-01-05,CUS0435,Stainless Bottle,Home,South,Bengaluru,4,7185.8,0.05
ORD12067,2024-01-27,CUS0505,Denim Jacket,Apparel,South,Visakhapatnam,1,7067.0,0.0
ORD12068,2024-01-08,CUS0560,Silk Saree,Apparel,North,Delhi,4,24966.0,0.1
ORD12069,2024-01-16,CUS0417,Wireless Earbuds,Electronics,East,Kolkata,2,4912.0,0.0
ORD12070,2024-01-21,CUS0148,Denim Jacket,Apparel,South,Visakhapatnam,4,3378.2,0.05
ORD12071,2024-01-17,CUS0343,Office Chair,Home,West,Mumbai,5,16014.0,0.15
ORD12072,2024-01-15,GST1207,Cotton Kurta,Apparel,South,Vijayawada,2,5356.1,0.05
ORD12073,2024-01-11,CUS0372,Denim Jacket,Apparel,West,Mumbai,1,4863.0,0.0
ORD12074,2024-01-14,GST1207,Office Chair,Home,East,Kolkata,6,6108.0,0.0
ORD12075,2024-01-08,GST1207,Smartwatch,Electronics,West,Mumbai,6,4260.0,0.0
ORD12076,2024-01-10,CUS0200,Stainless Bottle,Home,East,Kolkata,2,7041.6,0.1
ORD12077,2024-01-24,CUS0659,Stainless Bottle,Home,South,Hyderabad,7,44042.95,0.05
ORD12078,2024-01-28,CUS0303,Coffee Beans,Grocery,South,Hyderabad,2,5834.0,0.0
ORD12079,2024-01-27,CUS0159,Notebook Set,Accessories,South,Chennai,7,16721.6,0.2
ORD12080,2024-01-11,CUS0571,Denim Jacket,Apparel,East,Kolkata,1,1601.7,0.05
ORD12081,2024-01-10,CUS0574,Yoga Mat,Accessories,South,Hyderabad,5,11938.5,0.1
ORD12082,2024-01-02,CUS0661,Stainless Bottle,Home,South,Vijayawada,1,2785.0,0.0
ORD12083,2024-01-09,CUS0608,Stainless Bottle,Home,South,Chennai,2,3940.8,0.2
ORD12084,2024-01-19,CUS0794,Leather Wallet,Accessories,North,Delhi,3,9450.0,0.0
ORD12085,2024-01-09,CUS0460,Silk Saree,Apparel,South,Hyderabad,1,2659.0,0.0
ORD12086,2024-01-23,CUS0230,Smartwatch,Electronics,South,Vijayawada,4,20053.2,0.15
ORD12087,2024-01-02,CUS0691,Leather Wallet,Accessories,East,Kolkata,2,5276.8,0.15
ORD12088,2024-01-13,CUS0212,Notebook Set,Accessories,West,Pune,1,6175.95,0.05
ORD12089,2024-01-09,CUS0233,Cotton Kurta,Apparel,South,Hyderabad,7,36953.0,0.0
ORD12090,2024-01-16,CUS0663,Desk Lamp,Home,South,Hyderabad,7,38983.0,0.0
ORD12091,2024-01-01,GST1209,Wireless Earbuds,Electronics,West,Pune,7,32167.8,0.1
ORD12092,2024-01-13,CUS0272,Denim Jacket,Apparel,South,Hyderabad,2,14167.8,0.1
ORD12093,2024-01-25,CUS0584,Cotton Kurta,Apparel,South,Hyderabad,3,7302.0,0.0
ORD12094,2024-01-27,CUS0738,Office Chair,Home,South,Bengaluru,3,25068.0,0.0
ORD12095,2024-01-08,CUS0639,Yoga Mat,Accessories,North,Delhi,3,5791.2,0.05
ORD12096,2024-01-14,CUS0004,Office Chair,Home,South,Bengaluru,3,3985.2,0.1
ORD12097,2024-01-22,CUS0532,Smartwatch,Electronics,South,Vijayawada,4,28336.0,0.0
ORD12098,2024-01-15,CUS0136,Leather Wallet,Accessories,South,Visakhapatnam,4,29077.6,0.05
ORD12099,2024-01-17,CUS0678,Stainless Bottle,Home,South,Hyderabad,3,2652.0,0.2
ORD12100,2024-01-11,CUS0054,Notebook Set,Accessories,South,Chennai,7,36666.0,0.0
ORD12101,2024-01-26,CUS0795,Smartwatch,Electronics,South,Bengaluru,7,30117.85,0.05
ORD12102,2024-01-20,GST1210,Denim Jacket,Apparel,West,Mumbai,3,6107.55,0.05
ORD12103,2024-01-30,CUS0337,Desk Lamp,Home,East,Kolkata,2,8724.8,0.05
ORD12104,2024-01-25,CUS0188,Office Chair,Home,South,Bengaluru,4,20192.6,0.15
ORD12105,2024-01-12,CUS0652,Desk Lamp,Home,West,Mumbai,3,14332.65,0.05
ORD12106,2024-01-11,CUS0315,Leather Wallet,Accessories,South,Visakhapatnam,7,30496.9,0.05
ORD12107,2024-01-03,CUS0596,Cotton Kurta,Apparel,North,Delhi,4,30272.0,0.0
ORD12108,2024-01-20,CUS0054,Office Chair,Home,South,Chennai,1,1969.2,0.1
ORD12109,2024-01-24,CUS0363,Desk Lamp,Home,South,Visakhapatnam,1,5434.0,0.0
ORD12110,2024-01-11,CUS0729,Denim Jacket,Apparel,South,Chennai,1,2930.0,0.0
ORD12111,2024-01-01,CUS0742,Stainless Bottle,Home,West,Pune,3,23612.25,0.05
ORD12112,2024-01-26,CUS0167,Leather Wallet,Accessories,South,Visakhapatnam,3,6840.0,0.05
ORD12113,2024-01-07,CUS0316,Office Chair,Home,West,Mumbai,6,35764.8,0.2
ORD12114,2024-01-19,CUS0328,Silk Saree,Apparel,South,Hyderabad,7,34656.3,0.1
ORD12115,2024-01-02,GST1211,Cotton Kurta,Apparel,South,Vijayawada,1,1890.0,0.1
ORD12116,2024-01-02,CUS0430,Desk Lamp,Home,West,Pune,7,45731.0,0.0
ORD12117,2024-01-28,CUS0085,Yoga Mat,Accessories,West,Mumbai,5,10996.25,0.05
ORD12118,2024-01-21,CUS0611,Wireless Earbuds,Electronics,North,Delhi,3,5968.8,0.2
ORD12119,2024-01-01,CUS0181,Wireless Earbuds,Electronics,East,Kolkata,3,9477.0,0.0
ORD12120,2024-01-04,CUS0252,Notebook Set,Accessories,South,Chennai,4,21261.6,0.1
ORD12121,2024-01-16,CUS0673,Cotton Kurta,Apparel,West,Mumbai,2,6726.0,0.05
ORD12122,2024-01-22,CUS0552,Cotton Kurta,Apparel,South,Bengaluru,7,34916.0,0.0
ORD12123,2024-01-14,CUS0318,Silk Saree,Apparel,West,Pune,1,4613.2,0.05
ORD12124,2024-01-28,CUS0730,Coffee Beans,Grocery,West,Mumbai,1,1952.0,0.0
ORD12125,2024-01-21,CUS0316,Desk Lamp,Home,West,Mumbai,2,4488.0,0.0
ORD12126,2024-01-20,CUS0453,Silk Saree,Apparel,South,Chennai,2,5700.0,0.0
ORD12127,2024-01-09,CUS0197,Wireless Earbuds,Electronics,South,Bengaluru,1,2162.0,0.0
ORD12128,2024-01-22,CUS0147,Coffee Beans,Grocery,South,Hyderabad,3,23511.0,0.0
ORD12129,2024-01-28,CUS0394,Yoga Mat,Accessories,West,Mumbai,3,8817.9,0.15
ORD12130,2024-01-02,CUS0451,Denim Jacket,Apparel,East,Kolkata,1,3649.0,0.0
ORD12131,2024-01-23,CUS0645,Denim Jacket,Apparel,West,Pune,6,31460.4,0.1
ORD12132,2024-01-28,CUS0313,Cotton Kurta,Apparel,South,Vijayawada,7,45033.8,0.05
ORD12133,2024-01-14,CUS0717,Leather Wallet,Accessories,South,Chennai,6,35748.0,0.0
ORD12134,2024-01-24,CUS0486,Silk Saree,Apparel,South,Visakhapatnam,4,19368.0,0.0
ORD12135,2024-01-12,CUS0057,Wireless Earbuds,Electronics,South,Chennai,7,49414.75,0.15
ORD12136,2024-01-06,GST1213,Smartwatch,Electronics,East,Kolkata,3,21896.55,0.05
ORD12137,2024-01-26,GST1213,Stainless Bottle,Home,South,Vijayawada,3,5097.45,0.15
ORD12138,2024-01-10,CUS0312,Stainless Bottle,Home,West,Pune,1,1654.0,0.0
ORD12139,2024-01-24,CUS0374,Leather Wallet,Accessories,South,Bengaluru,5,15979.5,0.1
ORD12140,2024-01-10,CUS0242,Wireless Earbuds,Electronics,West,Mumbai,1,6442.2,0.1
ORD12141,2024-01-13,CUS0492,Smartwatch,Electronics,North,Delhi,5,32848.0,0.2
ORD12142,2024-01-22,CUS0454,Smartwatch,Electronics,South,Hyderabad,6,36456.0,0.0
ORD12143,2024-01-11,CUS0358,Cotton Kurta,Apparel,East,Kolkata,2,9556.8,0.2
ORD12144,2024-01-26,CUS0229,Yoga Mat,Accessories,South,Chennai,5,11270.0,0.0
ORD12145,2024-01-02,CUS0319,Office Chair,Home,East,Kolkata,3,13977.9,0.1
ORD12146,2024-01-01,CUS0399,Desk Lamp,Home,South,Visakhapatnam,3,5278.2,0.05
ORD12147,2024-01-03,CUS0378,Coffee Beans,Grocery,West,Pune,4,18042.4,0.05
ORD12148,2024-01-08,CUS0248,Denim Jacket,Apparel,South,Bengaluru,2,3858.0,0.0
ORD12149,2024-01-02,CUS0466,Coffee Beans,Grocery,East,Kolkata,6,5211.0,0.1
ORD12150,2024-01-12,CUS0182,Yoga Mat,Accessories,South,Vijayawada,3,24699.0,0.0
ORD12151,2024-01-01,CUS0401,Denim Jacket,Apparel,East,Kolkata,4,28994.0,0.05
ORD12152,2024-01-24,CUS0098,Yoga Mat,Accessories,West,Pune,6,33829.5,0.05
ORD12153,2024-01-05,CUS0378,Leather Wallet,Accessories,West,Pune,2,9804.6,0.1
ORD12154,2024-01-31,CUS0628,Smartwatch,Electronics,South,Bengaluru,4,8759.0,0.05
ORD12155,2024-01-27,CUS0655,Smartwatch,Electronics,South,Chennai,7,33309.85,0.05
ORD12156,2024-01-22,CUS0556,Notebook Set,Accessories,South,Chennai,3,18371.1,0.05
ORD12157,2024-01-25,CUS0597,Silk Saree,Apparel,West,Mumbai,1,4508.7,0.05
ORD12158,2024-01-25,GST1215,Cotton Kurta,Apparel,North,Delhi,2,5029.3,0.05
ORD12159,2024-01-27,CUS0274,Stainless Bottle,Home,East,Kolkata,7,22327.2,0.1
ORD12160,2024-01-18,CUS0524,Notebook Set,Accessories,North,Delhi,6,38896.2,0.1
ORD12161,2024-01-20,CUS0641,Office Chair,Home,West,Pune,6,13822.5,0.05
ORD12162,2024-01-15,CUS0467,Silk Saree,Apparel,South,Vijayawada,2,16370.0,0.0
ORD12163,2024-01-20,CUS0683,Office Chair,Home,East,Kolkata,6,37078.5,0.05
ORD12164,2024-01-12,CUS0219,Wireless Earbuds,Electronics,South,Chennai,3,22815.0,0.0
ORD12165,2024-01-04,CUS0123,Leather Wallet,Accessories,West,Mumbai,6,27012.0,0.0
ORD12166,2024-01-29,CUS0070,Stainless Bottle,Home,South,Chennai,7,13689.9,0.1
ORD12167,2024-01-22,CUS0467,Smartwatch,Electronics,South,Vijayawada,2,1252.0,0.0
ORD12168,2024-01-22,CUS0533,Stainless Bottle,Home,South,Vijayawada,7,31314.85,0.05
ORD12169,2024-01-09,CUS0229,Yoga Mat,Accessories,South,Chennai,5,14408.0,0.2
ORD12170,2024-01-24,CUS0627,Yoga Mat,Accessories,South,Bengaluru,6,7656.0,0.0
ORD12171,2024-01-17,CUS0592,Smartwatch,Electronics,East,Kolkata,6,47508.0,0.0
ORD12172,2024-01-03,CUS0289,Office Chair,Home,South,Chennai,2,16514.0,0.0
ORD12173,2024-01-30,CUS0192,Cotton Kurta,Apparel,West,Mumbai,6,20382.0,0.0
ORD12174,2024-01-31,CUS0594,Smartwatch,Electronics,East,Kolkata,2,10429.2,0.1
ORD12175,2024-01-27,CUS0538,Smartwatch,Electronics,South,Vijayawada,2,6690.6,0.1
ORD12176,2024-01-15,CUS0137,Office Chair,Home,West,Mumbai,1,4178.1,0.05
ORD12177,2024-01-08,CUS0205,Coffee Beans,Grocery,South,Chennai,2,10870.0,0.0
ORD12178,2024-01-01,CUS0389,Coffee Beans,Grocery,East,Kolkata,7,24890.95,0.05
ORD12179,2024-01-23,CUS0409,Desk Lamp,Home,East,Kolkata,3,20649.0,0.0
ORD12180,2024-01-28,CUS0133,Stainless Bottle,Home,South,Hyderabad,3,5395.05,0.05
ORD12181,2024-01-04,CUS0759,Silk Saree,Apparel,South,Vijayawada,4,22028.6,0.05
ORD12182,2024-01-22,CUS0311,Desk Lamp,Home,West,Mumbai,5,41810.0,0.0
ORD12183,2024-01-01,CUS0306,Yoga Mat,Accessories,South,Vijayawada,5,32746.5,0.1
ORD12184,2024-01-25,CUS0049,Yoga Mat,Accessories,West,Pune,4,2599.2,0.1
ORD12185,2024-01-01,CUS0701,Coffee Beans,Grocery,South,Chennai,6,7668.0,0.0
ORD12186,2024-01-31,CUS0189,Desk Lamp,Home,South,Visakhapatnam,4,20801.2,0.05
ORD12187,2024-01-06,CUS0790,Notebook Set,Accessories,South,Hyderabad,6,44944.5,0.05
ORD12188,2024-01-13,CUS0397,Coffee Beans,Grocery,South,Hyderabad,7,50596.0,0.0
ORD12189,2024-01-22,CUS0700,Office Chair,Home,South,Hyderabad,5,38580.0,0.0
ORD12190,2024-01-27,CUS0144,Silk Saree,Apparel,South,Bengaluru,1,1491.5,0.05
ORD12191,2024-01-12,CUS0133,Smartwatch,Electronics,South,Hyderabad,2,7787.7,0.15
ORD12192,2024-01-31,CUS0641,Leather Wallet,Accessories,West,Pune,5,29758.75,0.05
ORD12193,2024-01-01,CUS0656,Office Chair,Home,South,Chennai,4,20675.8,0.05
ORD12194,2024-01-15,CUS0435,Coffee Beans,Grocery,South,Bengaluru,2,12695.8,0.05
ORD12195,2024-01-31,CUS0026,Leather Wallet,Accessories,West,Mumbai,3,6252.0,0.0
ORD12196,2024-01-09,CUS0755,Cotton Kurta,Apparel,South,Chennai,1,4074.0,0.0
ORD12197,2024-01-17,CUS0315,Notebook Set,Accessories,South,Visakhapatnam,2,8000.0,0.0
ORD12198,2024-01-14,CUS0749,Smartwatch,Electronics,South,Visakhapatnam,6,40851.0,0.15
ORD12199,2024-01-13,CUS0697,Leather Wallet,Accessories,West,Pune,1,1801.8,0.1
